"Recipe Name (ENG)","Your name","Day","Meal Name","Person Nr","Moment of the meal","Plate Size (cm)","Empty plate weight (g)","Post meal weight (g)","Leftovers weight (g)","Recipe Name","Recipe Link","PhotoName","servings","ingredient_1","ingredient_2","ingredient_3","ingredient_4","ingredient_5","ingredient_6","ingredient_7","ingredient_8","ingredient_9","ingredient_10","ingredient_11","ingredient_12","ingredient_13","ingredient_14","ingredient_15","ingredientsQuantity","ingredients","TotalGramsSelf_char","TotalGramsSelf"
"Breaded white cheese with rosemary","Erica","Wednesday","Kaas","1","1","26.7","722","996","274","Gepaneerde witte kaas met rozemarijn","https://www.hellofresh.nl/recipes/gepaneerde-witte-kaas-met-krieltjes-658d7d8df9d1ffb514ddb5cc","Erica_Kaas_1_1.jpg","2","200g White Cheese","25g Breadcrumbs","400g potatoes","1  Garlic cloves","1  Tomato","80g Onion Chutney","1  Onion","60g Arugula","1  Zucchini","60ml Water","1 tablespoon honey","3 tablespoon olive oil","50 grams of flour","1 tablespoon vinegar","1 tablespoon butter","200g White Cheese; 25g Breadcrumbs; 400g potatoes; 1  Garlic cloves; 1  Tomato; 80g Onion Chutney; 1  Onion; 60g Arugula; 1  Zucchini; 60ml Water; 1 tablespoon honey; 3 tablespoon olive oil; 50 grams of flour; 1 tablespoon vinegar; 1 tablespoon butter"," White Cheese; Breadcrumbs;  potatoes;  Garlic ;  Tomato; Onion Chutney;  Onion; Arugula;  Zucchini; Water;  honey;  olive oil;    flour;  vinegar;  butter","274",274
"Breaded white cheese with rosemary","Erica","Wednesday","Kaas","2","1","26.7","691","1004","313","Gepaneerde witte kaas met rozemarijn","https://www.hellofresh.nl/recipes/gepaneerde-witte-kaas-met-krieltjes-658d7d8df9d1ffb514ddb5cc","Erica_Kaas_2_1.jpg","2","200g White Cheese","25g Breadcrumbs","400g potatoes","1  Garlic cloves","1  Tomato","80g Onion Chutney","1  Onion","60g Arugula","1  Zucchini","60ml Water","1 tablespoon honey","3 tablespoon olive oil","50 grams of flour","1 tablespoon vinegar","1 tablespoon butter","200g White Cheese; 25g Breadcrumbs; 400g potatoes; 1  Garlic cloves; 1  Tomato; 80g Onion Chutney; 1  Onion; 60g Arugula; 1  Zucchini; 60ml Water; 1 tablespoon honey; 3 tablespoon olive oil; 50 grams of flour; 1 tablespoon vinegar; 1 tablespoon butter"," White Cheese; Breadcrumbs;  potatoes;  Garlic ;  Tomato; Onion Chutney;  Onion; Arugula;  Zucchini; Water;  honey;  olive oil;    flour;  vinegar;  butter","313",313
"Breaded white cheese with rosemary","Erica","Wednesday","Kaas","2","2","26.7","691","843","152","Gepaneerde witte kaas met rozemarijn","https://www.hellofresh.nl/recipes/gepaneerde-witte-kaas-met-krieltjes-658d7d8df9d1ffb514ddb5cc","Erica_Kaas_2_2.jpg","2","200g White Cheese","25g Breadcrumbs","400g potatoes","1  Garlic cloves","1  Tomato","80g Onion Chutney","1  Onion","60g Arugula","1  Zucchini","60ml Water","1 tablespoon honey","3 tablespoon olive oil","50 grams of flour","1 tablespoon vinegar","1 tablespoon butter","200g White Cheese; 25g Breadcrumbs; 400g potatoes; 1  Garlic cloves; 1  Tomato; 80g Onion Chutney; 1  Onion; 60g Arugula; 1  Zucchini; 60ml Water; 1 tablespoon honey; 3 tablespoon olive oil; 50 grams of flour; 1 tablespoon vinegar; 1 tablespoon butter"," White Cheese; Breadcrumbs;  potatoes;  Garlic ;  Tomato; Onion Chutney;  Onion; Arugula;  Zucchini; Water;  honey;  olive oil;    flour;  vinegar;  butter","152",152
"Breaded white cheese with rosemary","Erica","Wednesday","Kaas","2","3","26.7","691","691","0","Gepaneerde witte kaas met rozemarijn","https://www.hellofresh.nl/recipes/gepaneerde-witte-kaas-met-krieltjes-658d7d8df9d1ffb514ddb5cc","Erica_Kaas_2_3.jpg","2","200g White Cheese","25g Breadcrumbs","400g potatoes","1  Garlic cloves","1  Tomato","80g Onion Chutney","1  Onion","60g Arugula","1  Zucchini","60ml Water","1 tablespoon honey","3 tablespoon olive oil","50 grams of flour","1 tablespoon vinegar","1 tablespoon butter","200g White Cheese; 25g Breadcrumbs; 400g potatoes; 1  Garlic cloves; 1  Tomato; 80g Onion Chutney; 1  Onion; 60g Arugula; 1  Zucchini; 60ml Water; 1 tablespoon honey; 3 tablespoon olive oil; 50 grams of flour; 1 tablespoon vinegar; 1 tablespoon butter"," White Cheese; Breadcrumbs;  potatoes;  Garlic ;  Tomato; Onion Chutney;  Onion; Arugula;  Zucchini; Water;  honey;  olive oil;    flour;  vinegar;  butter","0",0
"Breaded white cheese with rosemary","Erica","Wednesday","Kaas","3","1","26.7","734","1044","310","Gepaneerde witte kaas met rozemarijn","https://www.hellofresh.nl/recipes/gepaneerde-witte-kaas-met-krieltjes-658d7d8df9d1ffb514ddb5cc","Erica_Kaas_3_1.jpg","2","200g White Cheese","25g Breadcrumbs","400g potatoes","1  Garlic cloves","1  Tomato","80g Onion Chutney","1  Onion","60g Arugula","1  Zucchini","60ml Water","1 tablespoon honey","3 tablespoon olive oil","50 grams of flour","1 tablespoon vinegar","1 tablespoon butter","200g White Cheese; 25g Breadcrumbs; 400g potatoes; 1  Garlic cloves; 1  Tomato; 80g Onion Chutney; 1  Onion; 60g Arugula; 1  Zucchini; 60ml Water; 1 tablespoon honey; 3 tablespoon olive oil; 50 grams of flour; 1 tablespoon vinegar; 1 tablespoon butter"," White Cheese; Breadcrumbs;  potatoes;  Garlic ;  Tomato; Onion Chutney;  Onion; Arugula;  Zucchini; Water;  honey;  olive oil;    flour;  vinegar;  butter","310",310
"Breaded white cheese with rosemary","Erica","Wednesday","Kaas","1","2","26.7","722","879","157","Gepaneerde witte kaas met rozemarijn","https://www.hellofresh.nl/recipes/gepaneerde-witte-kaas-met-krieltjes-658d7d8df9d1ffb514ddb5cc","Erica_Kaas_1_2.jpg","2","200g White Cheese","25g Breadcrumbs","400g potatoes","1  Garlic cloves","1  Tomato","80g Onion Chutney","1  Onion","60g Arugula","1  Zucchini","60ml Water","1 tablespoon honey","3 tablespoon olive oil","50 grams of flour","1 tablespoon vinegar","1 tablespoon butter","200g White Cheese; 25g Breadcrumbs; 400g potatoes; 1  Garlic cloves; 1  Tomato; 80g Onion Chutney; 1  Onion; 60g Arugula; 1  Zucchini; 60ml Water; 1 tablespoon honey; 3 tablespoon olive oil; 50 grams of flour; 1 tablespoon vinegar; 1 tablespoon butter"," White Cheese; Breadcrumbs;  potatoes;  Garlic ;  Tomato; Onion Chutney;  Onion; Arugula;  Zucchini; Water;  honey;  olive oil;    flour;  vinegar;  butter","157",157
"Breaded white cheese with rosemary","Erica","Wednesday","Kaas","1","3","26.7","722","722","0","Gepaneerde witte kaas met rozemarijn","https://www.hellofresh.nl/recipes/gepaneerde-witte-kaas-met-krieltjes-658d7d8df9d1ffb514ddb5cc","Erica_Kaas_1_3.jpg","2","200g White Cheese","25g Breadcrumbs","400g potatoes","1  Garlic cloves","1  Tomato","80g Onion Chutney","1  Onion","60g Arugula","1  Zucchini","60ml Water","1 tablespoon honey","3 tablespoon olive oil","50 grams of flour","1 tablespoon vinegar","1 tablespoon butter","200g White Cheese; 25g Breadcrumbs; 400g potatoes; 1  Garlic cloves; 1  Tomato; 80g Onion Chutney; 1  Onion; 60g Arugula; 1  Zucchini; 60ml Water; 1 tablespoon honey; 3 tablespoon olive oil; 50 grams of flour; 1 tablespoon vinegar; 1 tablespoon butter"," White Cheese; Breadcrumbs;  potatoes;  Garlic ;  Tomato; Onion Chutney;  Onion; Arugula;  Zucchini; Water;  honey;  olive oil;    flour;  vinegar;  butter","0",0
"Breaded white cheese with rosemary","Erica","Wednesday","Kaas","3","2","26.7","734","967","233","Gepaneerde witte kaas met rozemarijn","https://www.hellofresh.nl/recipes/gepaneerde-witte-kaas-met-krieltjes-658d7d8df9d1ffb514ddb5cc","Erica_Kaas_3_2.jpg","2","200g White Cheese","25g Breadcrumbs","400g potatoes","1  Garlic cloves","1  Tomato","80g Onion Chutney","1  Onion","60g Arugula","1  Zucchini","60ml Water","1 tablespoon honey","3 tablespoon olive oil","50 grams of flour","1 tablespoon vinegar","1 tablespoon butter","200g White Cheese; 25g Breadcrumbs; 400g potatoes; 1  Garlic cloves; 1  Tomato; 80g Onion Chutney; 1  Onion; 60g Arugula; 1  Zucchini; 60ml Water; 1 tablespoon honey; 3 tablespoon olive oil; 50 grams of flour; 1 tablespoon vinegar; 1 tablespoon butter"," White Cheese; Breadcrumbs;  potatoes;  Garlic ;  Tomato; Onion Chutney;  Onion; Arugula;  Zucchini; Water;  honey;  olive oil;    flour;  vinegar;  butter","233",233
"Breaded white cheese with rosemary","Erica","Wednesday","Kaas","3","3","26.7","734","738","4","Gepaneerde witte kaas met rozemarijn","https://www.hellofresh.nl/recipes/gepaneerde-witte-kaas-met-krieltjes-658d7d8df9d1ffb514ddb5cc","Erica_Kaas_3_3.jpg","2","200g White Cheese","25g Breadcrumbs","400g potatoes","1  Garlic cloves","1  Tomato","80g Onion Chutney","1  Onion","60g Arugula","1  Zucchini","60ml Water","1 tablespoon honey","3 tablespoon olive oil","50 grams of flour","1 tablespoon vinegar","1 tablespoon butter","200g White Cheese; 25g Breadcrumbs; 400g potatoes; 1  Garlic cloves; 1  Tomato; 80g Onion Chutney; 1  Onion; 60g Arugula; 1  Zucchini; 60ml Water; 1 tablespoon honey; 3 tablespoon olive oil; 50 grams of flour; 1 tablespoon vinegar; 1 tablespoon butter"," White Cheese; Breadcrumbs;  potatoes;  Garlic ;  Tomato; Onion Chutney;  Onion; Arugula;  Zucchini; Water;  honey;  olive oil;    flour;  vinegar;  butter","4",4
"chicken with apricot curry sauce served with baked potatoes and fluffy rice","Nina","45582","ChickenCranberryCurrySauce","1","50-30%","26.6","575","669","94","chicken with apricot curry sauce served with baked potatoes and fluffy rice","https://www.hellofresh.de/recipes/hahnchen-mit-aprikosen-curry-sosse-65d86c68700746d2fe51fc64","Nina_Day1_Chicken1_50.jpg","4","500g Chicken Breast","12 Garlic cloves","300g Rice","2  Shallot","8  Carrot","10g Parsley","40g Apricots","100g Apricot Chutney","900ml Water","6 tablespoon  oil","4 tablespoon butter","8g spices mix",NA,NA,NA,"500g Chicken Breast; 12 Garlic cloves; 300g Rice; 2  Shallot; 8  Carrot; 10g Parsley; 40g Apricots; 100g Apricot Chutney; 900ml Water; 6 tablespoon  oil; 4 tablespoon butter; 8g spices mix"," Chicken Breast;  Garlic ;  Rice;  Shallot;  Carrot; Parsley; Apricots;  Apricot Chutney; Water;   oil;  butter;  spices mix","94",94
"chicken with apricot curry sauce served with baked potatoes and fluffy rice","Nina","45582","ChickenCranberryCurrySauce","1","30-10%","26.6","575","610","35","chicken with apricot curry sauce served with baked potatoes and fluffy rice","https://www.hellofresh.de/recipes/hahnchen-mit-aprikosen-curry-sosse-65d86c68700746d2fe51fc65","Nina_Day1_Chicken1_30.jpg","4","500g Chicken Breast","12 Garlic cloves","300g Rice","2  Shallot","8  Carrot","10g Parsley","40g Apricots","100g Apricot Chutney","900ml Water","6 tablespoon  oil","4 tablespoon butter","8g spices mix",NA,NA,NA,"500g Chicken Breast; 12 Garlic cloves; 300g Rice; 2  Shallot; 8  Carrot; 10g Parsley; 40g Apricots; 100g Apricot Chutney; 900ml Water; 6 tablespoon  oil; 4 tablespoon butter; 8g spices mix"," Chicken Breast;  Garlic ;  Rice;  Shallot;  Carrot; Parsley; Apricots;  Apricot Chutney; Water;   oil;  butter;  spices mix","35",35
"chicken with apricot curry sauce served with baked potatoes and fluffy rice","Nina","45582","ChickenCranberryCurrySauce","1","finished","26.6","575","575","0","chicken with apricot curry sauce served with baked potatoes and fluffy rice","https://www.hellofresh.de/recipes/hahnchen-mit-aprikosen-curry-sosse-65d86c68700746d2fe51fc66","Nina_Day1_Chicken1_0.jpg","4","500g Chicken Breast","12 Garlic cloves","300g Rice","2  Shallot","8  Carrot","10g Parsley","40g Apricots","100g Apricot Chutney","900ml Water","6 tablespoon  oil","4 tablespoon butter","8g spices mix",NA,NA,NA,"500g Chicken Breast; 12 Garlic cloves; 300g Rice; 2  Shallot; 8  Carrot; 10g Parsley; 40g Apricots; 100g Apricot Chutney; 900ml Water; 6 tablespoon  oil; 4 tablespoon butter; 8g spices mix"," Chicken Breast;  Garlic ;  Rice;  Shallot;  Carrot; Parsley; Apricots;  Apricot Chutney; Water;   oil;  butter;  spices mix","0",0
"chicken with apricot curry sauce served with baked potatoes and fluffy rice","Nina","45582","ChickenCranberryCurrySauce","2","50-30%","26.6","661","799","138","chicken with apricot curry sauce served with baked potatoes and fluffy rice","https://www.hellofresh.de/recipes/hahnchen-mit-aprikosen-curry-sosse-65d86c68700746d2fe51fc67","Nina_Day1_Chicken2_50.jpg","4","500g Chicken Breast","12 Garlic cloves","300g Rice","2  Shallot","8  Carrot","10g Parsley","40g Apricots","100g Apricot Chutney","900ml Water","6 tablespoon  oil","4 tablespoon butter","8g spices mix",NA,NA,NA,"500g Chicken Breast; 12 Garlic cloves; 300g Rice; 2  Shallot; 8  Carrot; 10g Parsley; 40g Apricots; 100g Apricot Chutney; 900ml Water; 6 tablespoon  oil; 4 tablespoon butter; 8g spices mix"," Chicken Breast;  Garlic ;  Rice;  Shallot;  Carrot; Parsley; Apricots;  Apricot Chutney; Water;   oil;  butter;  spices mix","138",138
"chicken with apricot curry sauce served with baked potatoes and fluffy rice","Nina","45582","ChickenCranberryCurrySauce","2","30-10%","26.6","661","695","34","chicken with apricot curry sauce served with baked potatoes and fluffy rice","https://www.hellofresh.de/recipes/hahnchen-mit-aprikosen-curry-sosse-65d86c68700746d2fe51fc68","Nina_Day1_Chicken2_30.jpg","4","500g Chicken Breast","12 Garlic cloves","300g Rice","2  Shallot","8  Carrot","10g Parsley","40g Apricots","100g Apricot Chutney","900ml Water","6 tablespoon  oil","4 tablespoon butter","8g spices mix",NA,NA,NA,"500g Chicken Breast; 12 Garlic cloves; 300g Rice; 2  Shallot; 8  Carrot; 10g Parsley; 40g Apricots; 100g Apricot Chutney; 900ml Water; 6 tablespoon  oil; 4 tablespoon butter; 8g spices mix"," Chicken Breast;  Garlic ;  Rice;  Shallot;  Carrot; Parsley; Apricots;  Apricot Chutney; Water;   oil;  butter;  spices mix","34",34
"chicken with apricot curry sauce served with baked potatoes and fluffy rice","Nina","45582","ChickenCranberryCurrySauce","2","finished","26.6","661","661","0","chicken with apricot curry sauce served with baked potatoes and fluffy rice","https://www.hellofresh.de/recipes/hahnchen-mit-aprikosen-curry-sosse-65d86c68700746d2fe51fc69","Nina_Day1_Chicken2_0.jpg","4","500g Chicken Breast","12 Garlic cloves","300g Rice","2  Shallot","8  Carrot","10g Parsley","40g Apricots","100g Apricot Chutney","900ml Water","6 tablespoon  oil","4 tablespoon butter","8g spices mix",NA,NA,NA,"500g Chicken Breast; 12 Garlic cloves; 300g Rice; 2  Shallot; 8  Carrot; 10g Parsley; 40g Apricots; 100g Apricot Chutney; 900ml Water; 6 tablespoon  oil; 4 tablespoon butter; 8g spices mix"," Chicken Breast;  Garlic ;  Rice;  Shallot;  Carrot; Parsley; Apricots;  Apricot Chutney; Water;   oil;  butter;  spices mix","0",0
"chicken with apricot curry sauce served with baked potatoes and fluffy rice","Nina","45582","ChickenCranberryCurrySauce","3","50-30%","25","626","779","153","chicken with apricot curry sauce served with baked potatoes and fluffy rice","https://www.hellofresh.de/recipes/hahnchen-mit-aprikosen-curry-sosse-65d86c68700746d2fe51fc70","Nina_Day1_Chicken3_50.jpg","4","500g Chicken Breast","12 Garlic cloves","300g Rice","2  Shallot","8  Carrot","10g Parsley","40g Apricots","100g Apricot Chutney","900ml Water","6 tablespoon  oil","4 tablespoon butter","8g spices mix",NA,NA,NA,"500g Chicken Breast; 12 Garlic cloves; 300g Rice; 2  Shallot; 8  Carrot; 10g Parsley; 40g Apricots; 100g Apricot Chutney; 900ml Water; 6 tablespoon  oil; 4 tablespoon butter; 8g spices mix"," Chicken Breast;  Garlic ;  Rice;  Shallot;  Carrot; Parsley; Apricots;  Apricot Chutney; Water;   oil;  butter;  spices mix","153",153
"chicken with apricot curry sauce served with baked potatoes and fluffy rice","Nina","45582","ChickenCranberryCurrySauce","4","50-30%","26.6","578","748","170","chicken with apricot curry sauce served with baked potatoes and fluffy rice","https://www.hellofresh.de/recipes/hahnchen-mit-aprikosen-curry-sosse-65d86c68700746d2fe51fc73","Nina_Day1_Chicken4_50.jpg","4","500g Chicken Breast","12 Garlic cloves","300g Rice","2  Shallot","8  Carrot","10g Parsley","40g Apricots","100g Apricot Chutney","900ml Water","6 tablespoon  oil","4 tablespoon butter","8g spices mix",NA,NA,NA,"500g Chicken Breast; 12 Garlic cloves; 300g Rice; 2  Shallot; 8  Carrot; 10g Parsley; 40g Apricots; 100g Apricot Chutney; 900ml Water; 6 tablespoon  oil; 4 tablespoon butter; 8g spices mix"," Chicken Breast;  Garlic ;  Rice;  Shallot;  Carrot; Parsley; Apricots;  Apricot Chutney; Water;   oil;  butter;  spices mix","170",170
"chicken with apricot curry sauce served with baked potatoes and fluffy rice","Nina","45582","ChickenCranberryCurrySauce","4","30-10%","26.6","578","618","40","chicken with apricot curry sauce served with baked potatoes and fluffy rice","https://www.hellofresh.de/recipes/hahnchen-mit-aprikosen-curry-sosse-65d86c68700746d2fe51fc74","Nina_Day1_Chicken4_30.jpg","4","500g Chicken Breast","12 Garlic cloves","300g Rice","2  Shallot","8  Carrot","10g Parsley","40g Apricots","100g Apricot Chutney","900ml Water","6 tablespoon  oil","4 tablespoon butter","8g spices mix",NA,NA,NA,"500g Chicken Breast; 12 Garlic cloves; 300g Rice; 2  Shallot; 8  Carrot; 10g Parsley; 40g Apricots; 100g Apricot Chutney; 900ml Water; 6 tablespoon  oil; 4 tablespoon butter; 8g spices mix"," Chicken Breast;  Garlic ;  Rice;  Shallot;  Carrot; Parsley; Apricots;  Apricot Chutney; Water;   oil;  butter;  spices mix","40",40
"chicken with apricot curry sauce served with baked potatoes and fluffy rice","Nina","45582","ChickenCranberryCurrySauce","4","finished","26.6","578","578","0","chicken with apricot curry sauce served with baked potatoes and fluffy rice","https://www.hellofresh.de/recipes/hahnchen-mit-aprikosen-curry-sosse-65d86c68700746d2fe51fc75","Nina_Day1_Chicken4_0.jpg","4","500g Chicken Breast","12 Garlic cloves","300g Rice","2  Shallot","8  Carrot","10g Parsley","40g Apricots","100g Apricot Chutney","900ml Water","6 tablespoon  oil","4 tablespoon butter","8g spices mix",NA,NA,NA,"500g Chicken Breast; 12 Garlic cloves; 300g Rice; 2  Shallot; 8  Carrot; 10g Parsley; 40g Apricots; 100g Apricot Chutney; 900ml Water; 6 tablespoon  oil; 4 tablespoon butter; 8g spices mix"," Chicken Breast;  Garlic ;  Rice;  Shallot;  Carrot; Parsley; Apricots;  Apricot Chutney; Water;   oil;  butter;  spices mix","0",0
"Crispy shrimps with sweet and spicy sauce","Meike","Thursday","RiceShrimps","1","50","25","598","796","198","Krokante garnalen met zoet-pittige saus","https://www.hellofresh.nl/recipes/krokante-garnalen-met-kokosrijst-6661c3ce5fb32512350b4fc2","Meike_Thu_RiceShrimps_Pers1_Moment1.jpg","3","225g Rice","1.5  Cucumber","10 pieces Radish","30g Grated Coconut","75g Breadcrumbs","240g Shrimp","7.5g Coriander","1.5  Lemon","3  Garlic cloves","3 tablespoon olive oil","540ml broth","1.5 tablespoon butter","3 teaspoon sugar","3 tablespoon vinegar",NA,"225g Rice; 1.5  Cucumber; 10 pieces Radish; 30g Grated Coconut; 75g Breadcrumbs; 240g Shrimp; 7.5g Coriander; 1.5  Lemon; 3  Garlic cloves; 3 tablespoon olive oil; 540ml broth; 1.5 tablespoon butter; 3 teaspoon sugar; 3 tablespoon vinegar"," Rice;  Cucumber;   Radish; Grated Coconut; Breadcrumbs;  Shrimp;  Coriander;  Lemon;  Garlic ;  olive oil; broth;  butter;  sugar;  vinegar","198",198
"Crispy shrimps with sweet and spicy sauce","Meike","Thursday","RiceShrimps","2","50","25","575","1011","436","Krokante garnalen met zoet-pittige saus","https://www.hellofresh.nl/recipes/krokante-garnalen-met-kokosrijst-6661c3ce5fb32512350b4fc3","Meike_Thu_RiceShrimps_Pers2_Moment1.jpg","3","225g Rice","1.5  Cucumber","10 pieces Radish","30g Grated Coconut","75g Breadcrumbs","240g Shrimp","7.5g Coriander","1.5  Lemon","3  Garlic cloves","3 tablespoon olive oil","540ml broth","1.5 tablespoon butter","3 teaspoon sugar","3 tablespoon vinegar",NA,"225g Rice; 1.5  Cucumber; 10 pieces Radish; 30g Grated Coconut; 75g Breadcrumbs; 240g Shrimp; 7.5g Coriander; 1.5  Lemon; 3  Garlic cloves; 3 tablespoon olive oil; 540ml broth; 1.5 tablespoon butter; 3 teaspoon sugar; 3 tablespoon vinegar"," Rice;  Cucumber;   Radish; Grated Coconut; Breadcrumbs;  Shrimp;  Coriander;  Lemon;  Garlic ;  olive oil; broth;  butter;  sugar;  vinegar","436",436
"Crispy shrimps with sweet and spicy sauce","Meike","Thursday","RiceShrimps","3","50","25","618","814","196","Krokante garnalen met zoet-pittige saus","https://www.hellofresh.nl/recipes/krokante-garnalen-met-kokosrijst-6661c3ce5fb32512350b4fc4","Meike_Thu_RiceShrimps_Pers3_Moment1.jpg","3","225g Rice","1.5  Cucumber","10 pieces Radish","30g Grated Coconut","75g Breadcrumbs","240g Shrimp","7.5g Coriander","1.5  Lemon","3  Garlic cloves","3 tablespoon olive oil","540ml broth","1.5 tablespoon butter","3 teaspoon sugar","3 tablespoon vinegar",NA,"225g Rice; 1.5  Cucumber; 10 pieces Radish; 30g Grated Coconut; 75g Breadcrumbs; 240g Shrimp; 7.5g Coriander; 1.5  Lemon; 3  Garlic cloves; 3 tablespoon olive oil; 540ml broth; 1.5 tablespoon butter; 3 teaspoon sugar; 3 tablespoon vinegar"," Rice;  Cucumber;   Radish; Grated Coconut; Breadcrumbs;  Shrimp;  Coriander;  Lemon;  Garlic ;  olive oil; broth;  butter;  sugar;  vinegar","196",196
"Crispy shrimps with sweet and spicy sauce","Meike","Thursday","RiceShrimps","1","10","25","598","674","76","Krokante garnalen met zoet-pittige saus","https://www.hellofresh.nl/recipes/krokante-garnalen-met-kokosrijst-6661c3ce5fb32512350b4fc5","Meike_Thu_RiceShrimps_Pers1_Moment2.jpg","3","225g Rice","1.5  Cucumber","10 pieces Radish","30g Grated Coconut","75g Breadcrumbs","240g Shrimp","7.5g Coriander","1.5  Lemon","3  Garlic cloves","3 tablespoon olive oil","540ml broth","1.5 tablespoon butter","3 teaspoon sugar","3 tablespoon vinegar",NA,"225g Rice; 1.5  Cucumber; 10 pieces Radish; 30g Grated Coconut; 75g Breadcrumbs; 240g Shrimp; 7.5g Coriander; 1.5  Lemon; 3  Garlic cloves; 3 tablespoon olive oil; 540ml broth; 1.5 tablespoon butter; 3 teaspoon sugar; 3 tablespoon vinegar"," Rice;  Cucumber;   Radish; Grated Coconut; Breadcrumbs;  Shrimp;  Coriander;  Lemon;  Garlic ;  olive oil; broth;  butter;  sugar;  vinegar","76",76
"Crispy shrimps with sweet and spicy sauce","Meike","Thursday","RiceShrimps","2","10","25","575","958","383","Krokante garnalen met zoet-pittige saus","https://www.hellofresh.nl/recipes/krokante-garnalen-met-kokosrijst-6661c3ce5fb32512350b4fc6","Meike_Thu_RiceShrimps_Pers2_Moment2.jpg","3","225g Rice","1.5  Cucumber","10 pieces Radish","30g Grated Coconut","75g Breadcrumbs","240g Shrimp","7.5g Coriander","1.5  Lemon","3  Garlic cloves","3 tablespoon olive oil","540ml broth","1.5 tablespoon butter","3 teaspoon sugar","3 tablespoon vinegar",NA,"225g Rice; 1.5  Cucumber; 10 pieces Radish; 30g Grated Coconut; 75g Breadcrumbs; 240g Shrimp; 7.5g Coriander; 1.5  Lemon; 3  Garlic cloves; 3 tablespoon olive oil; 540ml broth; 1.5 tablespoon butter; 3 teaspoon sugar; 3 tablespoon vinegar"," Rice;  Cucumber;   Radish; Grated Coconut; Breadcrumbs;  Shrimp;  Coriander;  Lemon;  Garlic ;  olive oil; broth;  butter;  sugar;  vinegar","383",383
"Crispy shrimps with sweet and spicy sauce","Meike","Thursday","RiceShrimps","3","10","25","618","728","110","Krokante garnalen met zoet-pittige saus","https://www.hellofresh.nl/recipes/krokante-garnalen-met-kokosrijst-6661c3ce5fb32512350b4fc7","Meike_Thu_RiceShrimps_Pers3_Moment2.jpg","3","225g Rice","1.5  Cucumber","10 pieces Radish","30g Grated Coconut","75g Breadcrumbs","240g Shrimp","7.5g Coriander","1.5  Lemon","3  Garlic cloves","3 tablespoon olive oil","540ml broth","1.5 tablespoon butter","3 teaspoon sugar","3 tablespoon vinegar",NA,"225g Rice; 1.5  Cucumber; 10 pieces Radish; 30g Grated Coconut; 75g Breadcrumbs; 240g Shrimp; 7.5g Coriander; 1.5  Lemon; 3  Garlic cloves; 3 tablespoon olive oil; 540ml broth; 1.5 tablespoon butter; 3 teaspoon sugar; 3 tablespoon vinegar"," Rice;  Cucumber;   Radish; Grated Coconut; Breadcrumbs;  Shrimp;  Coriander;  Lemon;  Garlic ;  olive oil; broth;  butter;  sugar;  vinegar","110",110
"Crispy shrimps with sweet and spicy sauce","Meike","Thursday","RiceShrimps","1","finished","25","598","599","1","Krokante garnalen met zoet-pittige saus","https://www.hellofresh.nl/recipes/krokante-garnalen-met-kokosrijst-6661c3ce5fb32512350b4fc8","Meike_Thu_RiceShrimps_Pers1_Moment3.jpg","3","225g Rice","1.5  Cucumber","10 pieces Radish","30g Grated Coconut","75g Breadcrumbs","240g Shrimp","7.5g Coriander","1.5  Lemon","3  Garlic cloves","3 tablespoon olive oil","540ml broth","1.5 tablespoon butter","3 teaspoon sugar","3 tablespoon vinegar",NA,"225g Rice; 1.5  Cucumber; 10 pieces Radish; 30g Grated Coconut; 75g Breadcrumbs; 240g Shrimp; 7.5g Coriander; 1.5  Lemon; 3  Garlic cloves; 3 tablespoon olive oil; 540ml broth; 1.5 tablespoon butter; 3 teaspoon sugar; 3 tablespoon vinegar"," Rice;  Cucumber;   Radish; Grated Coconut; Breadcrumbs;  Shrimp;  Coriander;  Lemon;  Garlic ;  olive oil; broth;  butter;  sugar;  vinegar","1",1
"Crispy shrimps with sweet and spicy sauce","Meike","Thursday","RiceShrimps","2","finished","25","575","926","351","Krokante garnalen met zoet-pittige saus","https://www.hellofresh.nl/recipes/krokante-garnalen-met-kokosrijst-6661c3ce5fb32512350b4fc9","Meike_Thu_RiceShrimps_Pers2_Moment3.jpg","3","225g Rice","1.5  Cucumber","10 pieces Radish","30g Grated Coconut","75g Breadcrumbs","240g Shrimp","7.5g Coriander","1.5  Lemon","3  Garlic cloves","3 tablespoon olive oil","540ml broth","1.5 tablespoon butter","3 teaspoon sugar","3 tablespoon vinegar",NA,"225g Rice; 1.5  Cucumber; 10 pieces Radish; 30g Grated Coconut; 75g Breadcrumbs; 240g Shrimp; 7.5g Coriander; 1.5  Lemon; 3  Garlic cloves; 3 tablespoon olive oil; 540ml broth; 1.5 tablespoon butter; 3 teaspoon sugar; 3 tablespoon vinegar"," Rice;  Cucumber;   Radish; Grated Coconut; Breadcrumbs;  Shrimp;  Coriander;  Lemon;  Garlic ;  olive oil; broth;  butter;  sugar;  vinegar","351",351
"Crispy shrimps with sweet and spicy sauce","Meike","Thursday","RiceShrimps","3","finished","25","618","632","14","Krokante garnalen met zoet-pittige saus","https://www.hellofresh.nl/recipes/krokante-garnalen-met-kokosrijst-6661c3ce5fb32512350b4fc10","Meike_Thu_RiceShrimps_Pers3_Moment3.jpg","3","225g Rice","1.5  Cucumber","10 pieces Radish","30g Grated Coconut","75g Breadcrumbs","240g Shrimp","7.5g Coriander","1.5  Lemon","3  Garlic cloves","3 tablespoon olive oil","540ml broth","1.5 tablespoon butter","3 teaspoon sugar","3 tablespoon vinegar",NA,"225g Rice; 1.5  Cucumber; 10 pieces Radish; 30g Grated Coconut; 75g Breadcrumbs; 240g Shrimp; 7.5g Coriander; 1.5  Lemon; 3  Garlic cloves; 3 tablespoon olive oil; 540ml broth; 1.5 tablespoon butter; 3 teaspoon sugar; 3 tablespoon vinegar"," Rice;  Cucumber;   Radish; Grated Coconut; Breadcrumbs;  Shrimp;  Coriander;  Lemon;  Garlic ;  olive oil; broth;  butter;  sugar;  vinegar","14",14
"Lentil soufflé with cheese and potato topping, carrots, champions and parsley","Nina","45584","Lentilsouffle","1","50-30%","22.8","385","501","116","Lentil soufflé with cheese and potato topping, carrots, champions and parsley","https://www.hellofresh.de/recipes/linsenauflauf-mit-kase-kartoffel-haube-65bcbbf4fb38871420c61dc1","Nina_Day3_Lentil1_50.jpg","3","585g Brown Lentils","2  Potato","125g Mushrooms","2  Carrot","1  Onion","1  Garlic cloves","10g Parsley","100g Crème Fraîche","105g Tomato Paste","15ml Mustard","50ml Soy Sauce","150g Gouda cheese","500ml Water","1.5 tablespoon butter","10g oil","585g Brown Lentils; 2  Potato; 125g Mushrooms; 2  Carrot; 1  Onion; 1  Garlic cloves; 10g Parsley; 100g Crème Fraîche; 105g Tomato Paste; 15ml Mustard; 50ml Soy Sauce; 150g Gouda cheese; 500ml Water; 1.5 tablespoon butter; 10g oil"," Brown Lentils;  Potato;  Mushrooms;  Carrot;  Onion;  Garlic ; Parsley;  Crème Fraîche;  Tomato Paste; Mustard; Soy Sauce;  Gouda cheese; Water;  butter; oil","116",116
"Lentil soufflé with cheese and potato topping, carrots, champions and parsley","Nina","45584","Lentilsouffle","1","30-10%","22.8","385","436","51","Lentil soufflé with cheese and potato topping, carrots, champions and parsley","https://www.hellofresh.de/recipes/linsenauflauf-mit-kase-kartoffel-haube-65bcbbf4fb38871420c61dc1","Nina_Day3_Lentil1_30.jpg","3","585g Brown Lentils","2  Potato","125g Mushrooms","2  Carrot","1  Onion","1  Garlic cloves","10g Parsley","100g Crème Fraîche","105g Tomato Paste","15ml Mustard","50ml Soy Sauce","150g Gouda cheese","500ml Water","1.5 tablespoon butter","10g oil","585g Brown Lentils; 2  Potato; 125g Mushrooms; 2  Carrot; 1  Onion; 1  Garlic cloves; 10g Parsley; 100g Crème Fraîche; 105g Tomato Paste; 15ml Mustard; 50ml Soy Sauce; 150g Gouda cheese; 500ml Water; 1.5 tablespoon butter; 10g oil"," Brown Lentils;  Potato;  Mushrooms;  Carrot;  Onion;  Garlic ; Parsley;  Crème Fraîche;  Tomato Paste; Mustard; Soy Sauce;  Gouda cheese; Water;  butter; oil","51",51
"Lentil soufflé with cheese and potato topping, carrots, champions and parsley","Nina","45584","Lentilsouffle","1","finished","22.8","385","391","6","Lentil soufflé with cheese and potato topping, carrots, champions and parsley","https://www.hellofresh.de/recipes/linsenauflauf-mit-kase-kartoffel-haube-65bcbbf4fb38871420c61dc1","Nina_Day3_Lentil1_0.jpg","3","585g Brown Lentils","2  Potato","125g Mushrooms","2  Carrot","1  Onion","1  Garlic cloves","10g Parsley","100g Crème Fraîche","105g Tomato Paste","15ml Mustard","50ml Soy Sauce","150g Gouda cheese","500ml Water","1.5 tablespoon butter","10g oil","585g Brown Lentils; 2  Potato; 125g Mushrooms; 2  Carrot; 1  Onion; 1  Garlic cloves; 10g Parsley; 100g Crème Fraîche; 105g Tomato Paste; 15ml Mustard; 50ml Soy Sauce; 150g Gouda cheese; 500ml Water; 1.5 tablespoon butter; 10g oil"," Brown Lentils;  Potato;  Mushrooms;  Carrot;  Onion;  Garlic ; Parsley;  Crème Fraîche;  Tomato Paste; Mustard; Soy Sauce;  Gouda cheese; Water;  butter; oil","6",6
"Lentil soufflé with cheese and potato topping, carrots, champions and parsley","Nina","45584","Lentilsouffle","2","50-30%","22.8","396","517","121","Lentil soufflé with cheese and potato topping, carrots, champions and parsley","https://www.hellofresh.de/recipes/linsenauflauf-mit-kase-kartoffel-haube-65bcbbf4fb38871420c61dc1","Nina_Day3_Lentil2_50.jpg","3","585g Brown Lentils","2  Potato","125g Mushrooms","2  Carrot","1  Onion","1  Garlic cloves","10g Parsley","100g Crème Fraîche","105g Tomato Paste","15ml Mustard","50ml Soy Sauce","150g Gouda cheese","500ml Water","1.5 tablespoon butter","10g oil","585g Brown Lentils; 2  Potato; 125g Mushrooms; 2  Carrot; 1  Onion; 1  Garlic cloves; 10g Parsley; 100g Crème Fraîche; 105g Tomato Paste; 15ml Mustard; 50ml Soy Sauce; 150g Gouda cheese; 500ml Water; 1.5 tablespoon butter; 10g oil"," Brown Lentils;  Potato;  Mushrooms;  Carrot;  Onion;  Garlic ; Parsley;  Crème Fraîche;  Tomato Paste; Mustard; Soy Sauce;  Gouda cheese; Water;  butter; oil","121",121
"Lentil soufflé with cheese and potato topping, carrots, champions and parsley","Nina","45584","Lentilsouffle","3","50-30%","22.8","389","538","149","Lentil soufflé with cheese and potato topping, carrots, champions and parsley","https://www.hellofresh.de/recipes/linsenauflauf-mit-kase-kartoffel-haube-65bcbbf4fb38871420c61dc1","Nina_Day3_Lentil3_50.jpg","3","585g Brown Lentils","2  Potato","125g Mushrooms","2  Carrot","1  Onion","1  Garlic cloves","10g Parsley","100g Crème Fraîche","105g Tomato Paste","15ml Mustard","50ml Soy Sauce","150g Gouda cheese","500ml Water","1.5 tablespoon butter","10g oil","585g Brown Lentils; 2  Potato; 125g Mushrooms; 2  Carrot; 1  Onion; 1  Garlic cloves; 10g Parsley; 100g Crème Fraîche; 105g Tomato Paste; 15ml Mustard; 50ml Soy Sauce; 150g Gouda cheese; 500ml Water; 1.5 tablespoon butter; 10g oil"," Brown Lentils;  Potato;  Mushrooms;  Carrot;  Onion;  Garlic ; Parsley;  Crème Fraîche;  Tomato Paste; Mustard; Soy Sauce;  Gouda cheese; Water;  butter; oil","149",149
"Lentil soufflé with cheese and potato topping, carrots, champions and parsley","Nina","45584","Lentilsouffle","3","30-10%","22.8","389","428","39","Lentil soufflé with cheese and potato topping, carrots, champions and parsley","https://www.hellofresh.de/recipes/linsenauflauf-mit-kase-kartoffel-haube-65bcbbf4fb38871420c61dc1","Nina_Day3_Lentil3_30.jpg","3","585g Brown Lentils","2  Potato","125g Mushrooms","2  Carrot","1  Onion","1  Garlic cloves","10g Parsley","100g Crème Fraîche","105g Tomato Paste","15ml Mustard","50ml Soy Sauce","150g Gouda cheese","500ml Water","1.5 tablespoon butter","10g oil","585g Brown Lentils; 2  Potato; 125g Mushrooms; 2  Carrot; 1  Onion; 1  Garlic cloves; 10g Parsley; 100g Crème Fraîche; 105g Tomato Paste; 15ml Mustard; 50ml Soy Sauce; 150g Gouda cheese; 500ml Water; 1.5 tablespoon butter; 10g oil"," Brown Lentils;  Potato;  Mushrooms;  Carrot;  Onion;  Garlic ; Parsley;  Crème Fraîche;  Tomato Paste; Mustard; Soy Sauce;  Gouda cheese; Water;  butter; oil","39",39
"Lentil soufflé with cheese and potato topping, carrots, champions and parsley","Nina","45584","Lentilsouffle","3","finished","22.8","389","390","1","Lentil soufflé with cheese and potato topping, carrots, champions and parsley","https://www.hellofresh.de/recipes/linsenauflauf-mit-kase-kartoffel-haube-65bcbbf4fb38871420c61dc1","Nina_Day3_Lentil3_0.jpg","3","585g Brown Lentils","2  Potato","125g Mushrooms","2  Carrot","1  Onion","1  Garlic cloves","10g Parsley","100g Crème Fraîche","105g Tomato Paste","15ml Mustard","50ml Soy Sauce","150g Gouda cheese","500ml Water","1.5 tablespoon butter","10g oil","585g Brown Lentils; 2  Potato; 125g Mushrooms; 2  Carrot; 1  Onion; 1  Garlic cloves; 10g Parsley; 100g Crème Fraîche; 105g Tomato Paste; 15ml Mustard; 50ml Soy Sauce; 150g Gouda cheese; 500ml Water; 1.5 tablespoon butter; 10g oil"," Brown Lentils;  Potato;  Mushrooms;  Carrot;  Onion;  Garlic ; Parsley;  Crème Fraîche;  Tomato Paste; Mustard; Soy Sauce;  Gouda cheese; Water;  butter; oil","1",1
"Noodles with minced chicken and Asian sauce","Meike","Tuesday","NoodlesChicken","1","50","25","584","847","263","Noedles met kipgehakt en aziatische saus","https://www.hellofresh.nl/recipes/noedels-met-kipgehakt-en-aziatische-saus-5fd0c5b7943827314d7b7d75","Meike_Tue_NoodlesChicken_Pers1_Moment1.jpg","3","3 Garlic cloves","30g Ginger","1.5  Zucchini","1.5  bellpepper","0.75  Red Pepper","300g Minced Chicken","3 bags Sweet Asian Sauce","30ml Soy Sauce","150g Noodles","30g Cashew","1.5 tablespoon sunflower oil",NA,NA,NA,NA,"3 Garlic cloves; 30g Ginger; 1.5  Zucchini; 1.5  bellpepper; 0.75  Red Pepper; 300g Minced Chicken; 3 bags Sweet Asian Sauce; 30ml Soy Sauce; 150g Noodles; 30g Cashew; 1.5 tablespoon sunflower oil","Garlic ; Ginger;  Zucchini;  bellpepper;   Red Pepper;  Minced Chicken; bags Sweet Asian Sauce; Soy Sauce;  Noodles; Cashew;  sunflower oil","263",263
"Noodles with minced chicken and Asian sauce","Meike","Tuesday","NoodlesChicken","2","50","25","567","960","393","Noedles met kipgehakt en aziatische saus","https://www.hellofresh.nl/recipes/noedels-met-kipgehakt-en-aziatische-saus-5fd0c5b7943827314d7b7d76","Meike_Tue_NoodlesChicken_Pers2_Moment1.jpg","3","3 Garlic cloves","30g Ginger","1.5  Zucchini","1.5  bellpepper","0.75  Red Pepper","300g Minced Chicken","3 bags Sweet Asian Sauce","30ml Soy Sauce","150g Noodles","30g Cashew","1.5 tablespoon sunflower oil",NA,NA,NA,NA,"3 Garlic cloves; 30g Ginger; 1.5  Zucchini; 1.5  bellpepper; 0.75  Red Pepper; 300g Minced Chicken; 3 bags Sweet Asian Sauce; 30ml Soy Sauce; 150g Noodles; 30g Cashew; 1.5 tablespoon sunflower oil","Garlic ; Ginger;  Zucchini;  bellpepper;   Red Pepper;  Minced Chicken; bags Sweet Asian Sauce; Soy Sauce;  Noodles; Cashew;  sunflower oil","393",393
"Noodles with minced chicken and Asian sauce","Meike","Tuesday","NoodlesChicken","3","40","25","634","926","292","Noedles met kipgehakt en aziatische saus","https://www.hellofresh.nl/recipes/noedels-met-kipgehakt-en-aziatische-saus-5fd0c5b7943827314d7b7d77","Meike_Tue_NoodlesChicken_Pers3_Moment1.jpg","3","3 Garlic cloves","30g Ginger","1.5  Zucchini","1.5  bellpepper","0.75  Red Pepper","300g Minced Chicken","3 bags Sweet Asian Sauce","30ml Soy Sauce","150g Noodles","30g Cashew","1.5 tablespoon sunflower oil",NA,NA,NA,NA,"3 Garlic cloves; 30g Ginger; 1.5  Zucchini; 1.5  bellpepper; 0.75  Red Pepper; 300g Minced Chicken; 3 bags Sweet Asian Sauce; 30ml Soy Sauce; 150g Noodles; 30g Cashew; 1.5 tablespoon sunflower oil","Garlic ; Ginger;  Zucchini;  bellpepper;   Red Pepper;  Minced Chicken; bags Sweet Asian Sauce; Soy Sauce;  Noodles; Cashew;  sunflower oil","292",292
"Noodles with minced chicken and Asian sauce","Meike","Tuesday","NoodlesChicken","1","20","25","584","771","187","Noedles met kipgehakt en aziatische saus","https://www.hellofresh.nl/recipes/noedels-met-kipgehakt-en-aziatische-saus-5fd0c5b7943827314d7b7d78","Meike_Tue_NoodlesChicken_Pers1_Moment2.jpg","3","3 Garlic cloves","30g Ginger","1.5  Zucchini","1.5  bellpepper","0.75  Red Pepper","300g Minced Chicken","3 bags Sweet Asian Sauce","30ml Soy Sauce","150g Noodles","30g Cashew","1.5 tablespoon sunflower oil",NA,NA,NA,NA,"3 Garlic cloves; 30g Ginger; 1.5  Zucchini; 1.5  bellpepper; 0.75  Red Pepper; 300g Minced Chicken; 3 bags Sweet Asian Sauce; 30ml Soy Sauce; 150g Noodles; 30g Cashew; 1.5 tablespoon sunflower oil","Garlic ; Ginger;  Zucchini;  bellpepper;   Red Pepper;  Minced Chicken; bags Sweet Asian Sauce; Soy Sauce;  Noodles; Cashew;  sunflower oil","187",187
"Noodles with minced chicken and Asian sauce","Meike","Tuesday","NoodlesChicken","2","30","25","567","884","317","Noedles met kipgehakt en aziatische saus","https://www.hellofresh.nl/recipes/noedels-met-kipgehakt-en-aziatische-saus-5fd0c5b7943827314d7b7d79","Meike_Tue_NoodlesChicken_Pers2_Moment2.jpg","3","3 Garlic cloves","30g Ginger","1.5  Zucchini","1.5  bellpepper","0.75  Red Pepper","300g Minced Chicken","3 bags Sweet Asian Sauce","30ml Soy Sauce","150g Noodles","30g Cashew","1.5 tablespoon sunflower oil",NA,NA,NA,NA,"3 Garlic cloves; 30g Ginger; 1.5  Zucchini; 1.5  bellpepper; 0.75  Red Pepper; 300g Minced Chicken; 3 bags Sweet Asian Sauce; 30ml Soy Sauce; 150g Noodles; 30g Cashew; 1.5 tablespoon sunflower oil","Garlic ; Ginger;  Zucchini;  bellpepper;   Red Pepper;  Minced Chicken; bags Sweet Asian Sauce; Soy Sauce;  Noodles; Cashew;  sunflower oil","317",317
"Noodles with minced chicken and Asian sauce","Meike","Tuesday","NoodlesChicken","3","20","25","634","866","232","Noedles met kipgehakt en aziatische saus","https://www.hellofresh.nl/recipes/noedels-met-kipgehakt-en-aziatische-saus-5fd0c5b7943827314d7b7d80","Meike_Tue_NoodlesChicken_Pers3_Moment2.jpg","3","3 Garlic cloves","30g Ginger","1.5  Zucchini","1.5  bellpepper","0.75  Red Pepper","300g Minced Chicken","3 bags Sweet Asian Sauce","30ml Soy Sauce","150g Noodles","30g Cashew","1.5 tablespoon sunflower oil",NA,NA,NA,NA,"3 Garlic cloves; 30g Ginger; 1.5  Zucchini; 1.5  bellpepper; 0.75  Red Pepper; 300g Minced Chicken; 3 bags Sweet Asian Sauce; 30ml Soy Sauce; 150g Noodles; 30g Cashew; 1.5 tablespoon sunflower oil","Garlic ; Ginger;  Zucchini;  bellpepper;   Red Pepper;  Minced Chicken; bags Sweet Asian Sauce; Soy Sauce;  Noodles; Cashew;  sunflower oil","232",232
"Noodles with minced chicken and Asian sauce","Meike","Tuesday","NoodlesChicken","1","finished","25","584","587","3","Noedles met kipgehakt en aziatische saus","https://www.hellofresh.nl/recipes/noedels-met-kipgehakt-en-aziatische-saus-5fd0c5b7943827314d7b7d81","Meike_Tue_NoodlesChicken_Pers1_Moment3.jpg","3","3 Garlic cloves","30g Ginger","1.5  Zucchini","1.5  bellpepper","0.75  Red Pepper","300g Minced Chicken","3 bags Sweet Asian Sauce","30ml Soy Sauce","150g Noodles","30g Cashew","1.5 tablespoon sunflower oil",NA,NA,NA,NA,"3 Garlic cloves; 30g Ginger; 1.5  Zucchini; 1.5  bellpepper; 0.75  Red Pepper; 300g Minced Chicken; 3 bags Sweet Asian Sauce; 30ml Soy Sauce; 150g Noodles; 30g Cashew; 1.5 tablespoon sunflower oil","Garlic ; Ginger;  Zucchini;  bellpepper;   Red Pepper;  Minced Chicken; bags Sweet Asian Sauce; Soy Sauce;  Noodles; Cashew;  sunflower oil","3",3
"Noodles with minced chicken and Asian sauce","Meike","Tuesday","NoodlesChicken","2","finished","25","567","792","225","Noedles met kipgehakt en aziatische saus","https://www.hellofresh.nl/recipes/noedels-met-kipgehakt-en-aziatische-saus-5fd0c5b7943827314d7b7d82","Meike_Tue_NoodlesChicken_Pers2_Moment3.jpg","3","3 Garlic cloves","30g Ginger","1.5  Zucchini","1.5  bellpepper","0.75  Red Pepper","300g Minced Chicken","3 bags Sweet Asian Sauce","30ml Soy Sauce","150g Noodles","30g Cashew","1.5 tablespoon sunflower oil",NA,NA,NA,NA,"3 Garlic cloves; 30g Ginger; 1.5  Zucchini; 1.5  bellpepper; 0.75  Red Pepper; 300g Minced Chicken; 3 bags Sweet Asian Sauce; 30ml Soy Sauce; 150g Noodles; 30g Cashew; 1.5 tablespoon sunflower oil","Garlic ; Ginger;  Zucchini;  bellpepper;   Red Pepper;  Minced Chicken; bags Sweet Asian Sauce; Soy Sauce;  Noodles; Cashew;  sunflower oil","225",225
"Noodles with minced chicken and Asian sauce","Meike","Tuesday","NoodlesChicken","3","finished","25","634","718","84","Noedles met kipgehakt en aziatische saus","https://www.hellofresh.nl/recipes/noedels-met-kipgehakt-en-aziatische-saus-5fd0c5b7943827314d7b7d83","Meike_Tue_NoodlesChicken_Pers3_Moment3.jpg","3","3 Garlic cloves","30g Ginger","1.5  Zucchini","1.5  bellpepper","0.75  Red Pepper","300g Minced Chicken","3 bags Sweet Asian Sauce","30ml Soy Sauce","150g Noodles","30g Cashew","1.5 tablespoon sunflower oil",NA,NA,NA,NA,"3 Garlic cloves; 30g Ginger; 1.5  Zucchini; 1.5  bellpepper; 0.75  Red Pepper; 300g Minced Chicken; 3 bags Sweet Asian Sauce; 30ml Soy Sauce; 150g Noodles; 30g Cashew; 1.5 tablespoon sunflower oil","Garlic ; Ginger;  Zucchini;  bellpepper;   Red Pepper;  Minced Chicken; bags Sweet Asian Sauce; Soy Sauce;  Noodles; Cashew;  sunflower oil","84",84
"One-tray chicken breast in apricot marinade
with Brussels sprouts, sweet potato and gochujang mayo dip","Mariam","45585","HähnchenbrustAprikosen","1","50%-30%","26,3","677","851","174","One-Tray Hähnchenbrust in Aprikosen-Marinade
mit Rosenkohl, Süßkartoffel und Gochujang-Mayo-Dip","https://www.hellofresh.de/recipes/asiatisches-stir-fry-vom-blech-mit-hahnchenbrust-64e860854e40d5c6cb1a51ee","Mitja_Sun_Meal3_1.jpg","2","250g Chicken Breast","1  Sweet Potato","150g Brussels Sprouts","2  Carrot","1  Garlic cloves","50g Apricot Chutney","25g Gochujang","12.5ml Soy Sauce","50g Mayonnaise","1.5 tablespoon oil",NA,NA,NA,NA,NA,"250g Chicken Breast; 1  Sweet Potato; 150g Brussels Sprouts; 2  Carrot; 1  Garlic cloves; 50g Apricot Chutney; 25g Gochujang; 12.5ml Soy Sauce; 50g Mayonnaise; 1.5 tablespoon oil"," Chicken Breast;  Sweet Potato;  Brussels Sprouts;  Carrot;  Garlic ; Apricot Chutney; Gochujang; .Soy Sauce; Mayonnaise;  oil","174",174
"One-tray chicken breast in apricot marinade
with Brussels sprouts, sweet potato and gochujang mayo dip","Mariam","45585","HähnchenbrustAprikosen","1","10%-30%","26,3","677","770","93","One-Tray Hähnchenbrust in Aprikosen-Marinade
mit Rosenkohl, Süßkartoffel und Gochujang-Mayo-Dip","https://www.hellofresh.de/recipes/asiatisches-stir-fry-vom-blech-mit-hahnchenbrust-64e860854e40d5c6cb1a51ee","Mitja_Sun_Meal3_2.jpg","2","250g Chicken Breast","1  Sweet Potato","150g Brussels Sprouts","2  Carrot","1  Garlic cloves","50g Apricot Chutney","25g Gochujang","12.5ml Soy Sauce","50g Mayonnaise","1.5 tablespoon oil",NA,NA,NA,NA,NA,"250g Chicken Breast; 1  Sweet Potato; 150g Brussels Sprouts; 2  Carrot; 1  Garlic cloves; 50g Apricot Chutney; 25g Gochujang; 12.5ml Soy Sauce; 50g Mayonnaise; 1.5 tablespoon oil"," Chicken Breast;  Sweet Potato;  Brussels Sprouts;  Carrot;  Garlic ; Apricot Chutney; Gochujang; .Soy Sauce; Mayonnaise;  oil","93",93
"One-tray chicken breast in apricot marinade
with Brussels sprouts, sweet potato and gochujang mayo dip","Mariam","45585","HähnchenbrustAprikosen","1","finished","26,3","677","695","18","One-Tray Hähnchenbrust in Aprikosen-Marinade
mit Rosenkohl, Süßkartoffel und Gochujang-Mayo-Dip","https://www.hellofresh.de/recipes/asiatisches-stir-fry-vom-blech-mit-hahnchenbrust-64e860854e40d5c6cb1a51ee","Mitja_Sun_Meal3_3.jpg","2","250g Chicken Breast","1  Sweet Potato","150g Brussels Sprouts","2  Carrot","1  Garlic cloves","50g Apricot Chutney","25g Gochujang","12.5ml Soy Sauce","50g Mayonnaise","1.5 tablespoon oil",NA,NA,NA,NA,NA,"250g Chicken Breast; 1  Sweet Potato; 150g Brussels Sprouts; 2  Carrot; 1  Garlic cloves; 50g Apricot Chutney; 25g Gochujang; 12.5ml Soy Sauce; 50g Mayonnaise; 1.5 tablespoon oil"," Chicken Breast;  Sweet Potato;  Brussels Sprouts;  Carrot;  Garlic ; Apricot Chutney; Gochujang; .Soy Sauce; Mayonnaise;  oil","18",18
"One-tray chicken breast in apricot marinade
with Brussels sprouts, sweet potato and gochujang mayo dip","Mariam","45585","HähnchenbrustAprikosen","2","50%-30%","26,3","675","814","139","One-Tray Hähnchenbrust in Aprikosen-Marinade
mit Rosenkohl, Süßkartoffel und Gochujang-Mayo-Dip","https://www.hellofresh.de/recipes/asiatisches-stir-fry-vom-blech-mit-hahnchenbrust-64e860854e40d5c6cb1a51ee","Mariam_Sun_Meal3_1.jpg","2","250g Chicken Breast","1  Sweet Potato","150g Brussels Sprouts","2  Carrot","1  Garlic cloves","50g Apricot Chutney","25g Gochujang","12.5ml Soy Sauce","50g Mayonnaise","1.5 tablespoon oil",NA,NA,NA,NA,NA,"250g Chicken Breast; 1  Sweet Potato; 150g Brussels Sprouts; 2  Carrot; 1  Garlic cloves; 50g Apricot Chutney; 25g Gochujang; 12.5ml Soy Sauce; 50g Mayonnaise; 1.5 tablespoon oil"," Chicken Breast;  Sweet Potato;  Brussels Sprouts;  Carrot;  Garlic ; Apricot Chutney; Gochujang; .Soy Sauce; Mayonnaise;  oil","139",139
"One-tray chicken breast in apricot marinade
with Brussels sprouts, sweet potato and gochujang mayo dip","Mariam","45585","HähnchenbrustAprikosen","2","10%-30%","26,3","675","754","79","One-Tray Hähnchenbrust in Aprikosen-Marinade
mit Rosenkohl, Süßkartoffel und Gochujang-Mayo-Dip","https://www.hellofresh.de/recipes/asiatisches-stir-fry-vom-blech-mit-hahnchenbrust-64e860854e40d5c6cb1a51ee","Mariam_Sun_Meal3_2.jpg","2","250g Chicken Breast","1  Sweet Potato","150g Brussels Sprouts","2  Carrot","1  Garlic cloves","50g Apricot Chutney","25g Gochujang","12.5ml Soy Sauce","50g Mayonnaise","1.5 tablespoon oil",NA,NA,NA,NA,NA,"250g Chicken Breast; 1  Sweet Potato; 150g Brussels Sprouts; 2  Carrot; 1  Garlic cloves; 50g Apricot Chutney; 25g Gochujang; 12.5ml Soy Sauce; 50g Mayonnaise; 1.5 tablespoon oil"," Chicken Breast;  Sweet Potato;  Brussels Sprouts;  Carrot;  Garlic ; Apricot Chutney; Gochujang; .Soy Sauce; Mayonnaise;  oil","79",79
"One-tray chicken breast in apricot marinade
with Brussels sprouts, sweet potato and gochujang mayo dip","Mariam","45585","HähnchenbrustAprikosen","2","finished","26,3","675","681","6","One-Tray Hähnchenbrust in Aprikosen-Marinade
mit Rosenkohl, Süßkartoffel und Gochujang-Mayo-Dip","https://www.hellofresh.de/recipes/asiatisches-stir-fry-vom-blech-mit-hahnchenbrust-64e860854e40d5c6cb1a51ee","Mariam_Sun_Meal3_3.jpg","2","250g Chicken Breast","1  Sweet Potato","150g Brussels Sprouts","2  Carrot","1  Garlic cloves","50g Apricot Chutney","25g Gochujang","12.5ml Soy Sauce","50g Mayonnaise","1.5 tablespoon oil",NA,NA,NA,NA,NA,"250g Chicken Breast; 1  Sweet Potato; 150g Brussels Sprouts; 2  Carrot; 1  Garlic cloves; 50g Apricot Chutney; 25g Gochujang; 12.5ml Soy Sauce; 50g Mayonnaise; 1.5 tablespoon oil"," Chicken Breast;  Sweet Potato;  Brussels Sprouts;  Carrot;  Garlic ; Apricot Chutney; Gochujang; .Soy Sauce; Mayonnaise;  oil","6",6
"Orzo with roasted vegetables and whole wheat garlic bread","Erica","Saturday","OrzoGroente","1","1","26.7","714","911","197","Orzo met geroosterde groenten en volkoren knoflookbrood","https://www.hellofresh.nl/recipes/orzo-met-geroosterde-groenten-en-volkoren-knoflookbrood-6669a42fbd13e7439ddc08f0","Erica_OrzoGroente_1_1.jpg","3","15g Basil","2  Red Pointed Pepper","2  Zucchini","1 Eggplant","115g Orzo","1  Onion","3 Garlic cloves","300g Passata","75g White Cheese","1.5  Ciabatta","6 tablespoon olive oil","1.5 teaspoon sugar","1.5 tablespoon balsamico",NA,NA,"15g Basil; 2  Red Pointed Pepper; 2  Zucchini; 1 Eggplant; 115g Orzo; 1  Onion; 3 Garlic cloves; 300g Passata; 75g White Cheese; 1.5  Ciabatta; 6 tablespoon olive oil; 1.5 teaspoon sugar; 1.5 tablespoon balsamico","Basil;  Red Pointed Pepper;  Zucchini; Eggplant;  Orzo;  Onion; Garlic ;  Passata; White Cheese;  Ciabatta;  olive oil;  sugar;  balsamico","197",197
"Orzo with roasted vegetables and whole wheat garlic bread","Erica","Saturday","OrzoGroente","2","1","26.7","732","1118","386","Orzo met geroosterde groenten en volkoren knoflookbrood","https://www.hellofresh.nl/recipes/orzo-met-geroosterde-groenten-en-volkoren-knoflookbrood-6669a42fbd13e7439ddc08f0","Erica_OrzoGroente_2_1.jpg","3","15g Basil","2  Red Pointed Pepper","2  Zucchini","1 Eggplant","115g Orzo","1  Onion","3 Garlic cloves","300g Passata","75g White Cheese","1.5  Ciabatta","6 tablespoon olive oil","1.5 teaspoon sugar","1.5 tablespoon balsamico",NA,NA,"15g Basil; 2  Red Pointed Pepper; 2  Zucchini; 1 Eggplant; 115g Orzo; 1  Onion; 3 Garlic cloves; 300g Passata; 75g White Cheese; 1.5  Ciabatta; 6 tablespoon olive oil; 1.5 teaspoon sugar; 1.5 tablespoon balsamico","Basil;  Red Pointed Pepper;  Zucchini; Eggplant;  Orzo;  Onion; Garlic ;  Passata; White Cheese;  Ciabatta;  olive oil;  sugar;  balsamico","386",386
"Orzo with roasted vegetables and whole wheat garlic bread","Erica","Saturday","OrzoGroente","1","2","26.7","714","798","84","Orzo met geroosterde groenten en volkoren knoflookbrood","https://www.hellofresh.nl/recipes/orzo-met-geroosterde-groenten-en-volkoren-knoflookbrood-6669a42fbd13e7439ddc08f0","Erica_OrzoGroente_1_2.jpg","3","15g Basil","2  Red Pointed Pepper","2  Zucchini","1 Eggplant","115g Orzo","1  Onion","3 Garlic cloves","300g Passata","75g White Cheese","1.5  Ciabatta","6 tablespoon olive oil","1.5 teaspoon sugar","1.5 tablespoon balsamico",NA,NA,"15g Basil; 2  Red Pointed Pepper; 2  Zucchini; 1 Eggplant; 115g Orzo; 1  Onion; 3 Garlic cloves; 300g Passata; 75g White Cheese; 1.5  Ciabatta; 6 tablespoon olive oil; 1.5 teaspoon sugar; 1.5 tablespoon balsamico","Basil;  Red Pointed Pepper;  Zucchini; Eggplant;  Orzo;  Onion; Garlic ;  Passata; White Cheese;  Ciabatta;  olive oil;  sugar;  balsamico","84",84
"Orzo with roasted vegetables and whole wheat garlic bread","Erica","Saturday","OrzoGroente","2","2","26.7","732","914","182","Orzo met geroosterde groenten en volkoren knoflookbrood","https://www.hellofresh.nl/recipes/orzo-met-geroosterde-groenten-en-volkoren-knoflookbrood-6669a42fbd13e7439ddc08f0","Erica_OrzoGroente_2_2.jpg","3","15g Basil","2  Red Pointed Pepper","2  Zucchini","1 Eggplant","115g Orzo","1  Onion","3 Garlic cloves","300g Passata","75g White Cheese","1.5  Ciabatta","6 tablespoon olive oil","1.5 teaspoon sugar","1.5 tablespoon balsamico",NA,NA,"15g Basil; 2  Red Pointed Pepper; 2  Zucchini; 1 Eggplant; 115g Orzo; 1  Onion; 3 Garlic cloves; 300g Passata; 75g White Cheese; 1.5  Ciabatta; 6 tablespoon olive oil; 1.5 teaspoon sugar; 1.5 tablespoon balsamico","Basil;  Red Pointed Pepper;  Zucchini; Eggplant;  Orzo;  Onion; Garlic ;  Passata; White Cheese;  Ciabatta;  olive oil;  sugar;  balsamico","182",182
"Orzo with roasted vegetables and whole wheat garlic bread","Erica","Saturday","OrzoGroente","1","3","26.7","714","716","2","Orzo met geroosterde groenten en volkoren knoflookbrood","https://www.hellofresh.nl/recipes/orzo-met-geroosterde-groenten-en-volkoren-knoflookbrood-6669a42fbd13e7439ddc08f0","Erica_OrzoGroente_1_3.jpg","3","15g Basil","2  Red Pointed Pepper","2  Zucchini","1 Eggplant","115g Orzo","1  Onion","3 Garlic cloves","300g Passata","75g White Cheese","1.5  Ciabatta","6 tablespoon olive oil","1.5 teaspoon sugar","1.5 tablespoon balsamico",NA,NA,"15g Basil; 2  Red Pointed Pepper; 2  Zucchini; 1 Eggplant; 115g Orzo; 1  Onion; 3 Garlic cloves; 300g Passata; 75g White Cheese; 1.5  Ciabatta; 6 tablespoon olive oil; 1.5 teaspoon sugar; 1.5 tablespoon balsamico","Basil;  Red Pointed Pepper;  Zucchini; Eggplant;  Orzo;  Onion; Garlic ;  Passata; White Cheese;  Ciabatta;  olive oil;  sugar;  balsamico","2",2
"Orzo with roasted vegetables and whole wheat garlic bread","Erica","Saturday","OrzoGroente","2","3","26.7","732","735","3","Orzo met geroosterde groenten en volkoren knoflookbrood","https://www.hellofresh.nl/recipes/orzo-met-geroosterde-groenten-en-volkoren-knoflookbrood-6669a42fbd13e7439ddc08f0","Erica_OrzoGroente_2_3.jpg","3","15g Basil","2  Red Pointed Pepper","2  Zucchini","1 Eggplant","115g Orzo","1  Onion","3 Garlic cloves","300g Passata","75g White Cheese","1.5  Ciabatta","6 tablespoon olive oil","1.5 teaspoon sugar","1.5 tablespoon balsamico",NA,NA,"15g Basil; 2  Red Pointed Pepper; 2  Zucchini; 1 Eggplant; 115g Orzo; 1  Onion; 3 Garlic cloves; 300g Passata; 75g White Cheese; 1.5  Ciabatta; 6 tablespoon olive oil; 1.5 teaspoon sugar; 1.5 tablespoon balsamico","Basil;  Red Pointed Pepper;  Zucchini; Eggplant;  Orzo;  Onion; Garlic ;  Passata; White Cheese;  Ciabatta;  olive oil;  sugar;  balsamico","3",3
"Potato stir-fry with fried egg and mushrooms","Erica","Monday","Aardappelroerbak","1","1","22.5","507","723","216","Aardappelroerbak met spiegelei en champignons","https://www.hellofresh.nl/recipes/aardappelroerbak-met-spiegelei-en-kaas-658d7dd0f9d1ffb514ddb85b","Erica_Aardappelroerbak_1_1.jpg","3","600g Potatoes","100g Green Beans","1.5  Garlic cloves","1.5  Onion","250g Mushrooms","150g Gouda Cheese","3 Egg","7.5g Parsley","2 Carrot","3.75 tablespoon butter",NA,NA,NA,NA,NA,"600g Potatoes; 100g Green Beans; 1.5  Garlic cloves; 1.5  Onion; 250g Mushrooms; 150g Gouda Cheese; 3 Egg; 7.5g Parsley; 2 Carrot; 3.75 tablespoon butter"," Potatoes;  Green Beans;  Garlic ;  Onion;  Mushrooms;  Gouda Cheese; Egg;  Parsley; Carrot;   butter","216",216
"Potato stir-fry with fried egg and mushrooms","Erica","Monday","Aardappelroerbak","2","1","22.5","511","684","173","Aardappelroerbak met spiegelei en champignons","https://www.hellofresh.nl/recipes/aardappelroerbak-met-spiegelei-en-kaas-658d7dd0f9d1ffb514ddb85b","Erica_Aardappelroerbak_2_1.jpg","3","600g Potatoes","100g Green Beans","1.5  Garlic cloves","1.5  Onion","250g Mushrooms","150g Gouda Cheese","3 Egg","7.5g Parsley","2 Carrot","3.75 tablespoon butter",NA,NA,NA,NA,NA,"600g Potatoes; 100g Green Beans; 1.5  Garlic cloves; 1.5  Onion; 250g Mushrooms; 150g Gouda Cheese; 3 Egg; 7.5g Parsley; 2 Carrot; 3.75 tablespoon butter"," Potatoes;  Green Beans;  Garlic ;  Onion;  Mushrooms;  Gouda Cheese; Egg;  Parsley; Carrot;   butter","173",173
"Potato stir-fry with fried egg and mushrooms","Erica","Monday","Aardappelroerbak","3","1","22.5","506","794","288","Aardappelroerbak met spiegelei en champignons","https://www.hellofresh.nl/recipes/aardappelroerbak-met-spiegelei-en-kaas-658d7dd0f9d1ffb514ddb85b","Erica_Aardappelroerbak_3_1.jpg","3","600g Potatoes","100g Green Beans","1.5  Garlic cloves","1.5  Onion","250g Mushrooms","150g Gouda Cheese","3 Egg","7.5g Parsley","2 Carrot","3.75 tablespoon butter",NA,NA,NA,NA,NA,"600g Potatoes; 100g Green Beans; 1.5  Garlic cloves; 1.5  Onion; 250g Mushrooms; 150g Gouda Cheese; 3 Egg; 7.5g Parsley; 2 Carrot; 3.75 tablespoon butter"," Potatoes;  Green Beans;  Garlic ;  Onion;  Mushrooms;  Gouda Cheese; Egg;  Parsley; Carrot;   butter","288",288
"Potato stir-fry with fried egg and mushrooms","Erica","Monday","Aardappelroerbak","1","2","22.5","507","587","80","Aardappelroerbak met spiegelei en champignons","https://www.hellofresh.nl/recipes/aardappelroerbak-met-spiegelei-en-kaas-658d7dd0f9d1ffb514ddb85b","Erica_Aardappelroerbak_1_2.jpg","3","600g Potatoes","100g Green Beans","1.5  Garlic cloves","1.5  Onion","250g Mushrooms","150g Gouda Cheese","3 Egg","7.5g Parsley","2 Carrot","3.75 tablespoon butter",NA,NA,NA,NA,NA,"600g Potatoes; 100g Green Beans; 1.5  Garlic cloves; 1.5  Onion; 250g Mushrooms; 150g Gouda Cheese; 3 Egg; 7.5g Parsley; 2 Carrot; 3.75 tablespoon butter"," Potatoes;  Green Beans;  Garlic ;  Onion;  Mushrooms;  Gouda Cheese; Egg;  Parsley; Carrot;   butter","80",80
"Potato stir-fry with fried egg and mushrooms","Erica","Monday","Aardappelroerbak","2","2","22.5","511","562","51","Aardappelroerbak met spiegelei en champignons","https://www.hellofresh.nl/recipes/aardappelroerbak-met-spiegelei-en-kaas-658d7dd0f9d1ffb514ddb85b","Erica_Aardappelroerbak_2_2.jpg","3","600g Potatoes","100g Green Beans","1.5  Garlic cloves","1.5  Onion","250g Mushrooms","150g Gouda Cheese","3 Egg","7.5g Parsley","2 Carrot","3.75 tablespoon butter",NA,NA,NA,NA,NA,"600g Potatoes; 100g Green Beans; 1.5  Garlic cloves; 1.5  Onion; 250g Mushrooms; 150g Gouda Cheese; 3 Egg; 7.5g Parsley; 2 Carrot; 3.75 tablespoon butter"," Potatoes;  Green Beans;  Garlic ;  Onion;  Mushrooms;  Gouda Cheese; Egg;  Parsley; Carrot;   butter","51",51
"Potato stir-fry with fried egg and mushrooms","Erica","Monday","Aardappelroerbak","1","3","22.5","507","508","1","Aardappelroerbak met spiegelei en champignons","https://www.hellofresh.nl/recipes/aardappelroerbak-met-spiegelei-en-kaas-658d7dd0f9d1ffb514ddb85b","Erica_Aardappelroerbak_1_3.jpg","3","600g Potatoes","100g Green Beans","1.5  Garlic cloves","1.5  Onion","250g Mushrooms","150g Gouda Cheese","3 Egg","7.5g Parsley","2 Carrot","3.75 tablespoon butter",NA,NA,NA,NA,NA,"600g Potatoes; 100g Green Beans; 1.5  Garlic cloves; 1.5  Onion; 250g Mushrooms; 150g Gouda Cheese; 3 Egg; 7.5g Parsley; 2 Carrot; 3.75 tablespoon butter"," Potatoes;  Green Beans;  Garlic ;  Onion;  Mushrooms;  Gouda Cheese; Egg;  Parsley; Carrot;   butter","1",1
"Potato stir-fry with fried egg and mushrooms","Erica","Monday","Aardappelroerbak","2","3","22.5","511","513","2","Aardappelroerbak met spiegelei en champignons","https://www.hellofresh.nl/recipes/aardappelroerbak-met-spiegelei-en-kaas-658d7dd0f9d1ffb514ddb85b","Erica_Aardappelroerbak_2_3.jpg","3","600g Potatoes","100g Green Beans","1.5  Garlic cloves","1.5  Onion","250g Mushrooms","150g Gouda Cheese","3 Egg","7.5g Parsley","2 Carrot","3.75 tablespoon butter",NA,NA,NA,NA,NA,"600g Potatoes; 100g Green Beans; 1.5  Garlic cloves; 1.5  Onion; 250g Mushrooms; 150g Gouda Cheese; 3 Egg; 7.5g Parsley; 2 Carrot; 3.75 tablespoon butter"," Potatoes;  Green Beans;  Garlic ;  Onion;  Mushrooms;  Gouda Cheese; Egg;  Parsley; Carrot;   butter","2",2
"Potato stir-fry with fried egg and mushrooms","Erica","Monday","Aardappelroerbak","3","2","22.5","506","671","165","Aardappelroerbak met spiegelei en champignons","https://www.hellofresh.nl/recipes/aardappelroerbak-met-spiegelei-en-kaas-658d7dd0f9d1ffb514ddb85b","Erica_Aardappelroerbak_3_2.jpg","3","600g Potatoes","100g Green Beans","1.5  Garlic cloves","1.5  Onion","250g Mushrooms","150g Gouda Cheese","3 Egg","7.5g Parsley","2 Carrot","3.75 tablespoon butter",NA,NA,NA,NA,NA,"600g Potatoes; 100g Green Beans; 1.5  Garlic cloves; 1.5  Onion; 250g Mushrooms; 150g Gouda Cheese; 3 Egg; 7.5g Parsley; 2 Carrot; 3.75 tablespoon butter"," Potatoes;  Green Beans;  Garlic ;  Onion;  Mushrooms;  Gouda Cheese; Egg;  Parsley; Carrot;   butter","165",165
"Potato stir-fry with fried egg and mushrooms","Erica","Monday","Aardappelroerbak","3","3","22.5","506","508","2","Aardappelroerbak met spiegelei en champignons","https://www.hellofresh.nl/recipes/aardappelroerbak-met-spiegelei-en-kaas-658d7dd0f9d1ffb514ddb85b","Erica_Aardappelroerbak_3_3.jpg","3","600g Potatoes","100g Green Beans","1.5  Garlic cloves","1.5  Onion","250g Mushrooms","150g Gouda Cheese","3 Egg","7.5g Parsley","2 Carrot","3.75 tablespoon butter",NA,NA,NA,NA,NA,"600g Potatoes; 100g Green Beans; 1.5  Garlic cloves; 1.5  Onion; 250g Mushrooms; 150g Gouda Cheese; 3 Egg; 7.5g Parsley; 2 Carrot; 3.75 tablespoon butter"," Potatoes;  Green Beans;  Garlic ;  Onion;  Mushrooms;  Gouda Cheese; Egg;  Parsley; Carrot;   butter","2",2
"Prawns in Mediterranean marinade on orzo","Mariam","45581","ShrimpOrzo","1","50-30","26,3","669","882","213","Garnelen in mediterraner Marinade auf Orzo","https://www.hellofresh.de/recipes/garnelen-in-mediterraner-marinade-auf-orzo-salat-65b24289d1da3988cdd86720","Mitja_Wed_Meal1_1.jpg","2","150g Shrimps","180g orzo","1  Cucumber","2 Tomatoes","2  Garlic cloves","50g Tomato Pesto","75g Yoghurt","1 gram oregano","2 gram spice mix","1 tablespoon oil","1 tablespoon olive oil","350ml water",NA,NA,NA,"150g Shrimps; 180g orzo; 1  Cucumber; 2 Tomatoes; 2  Garlic cloves; 50g Tomato Pesto; 75g Yoghurt; 1 gram oregano; 2 gram spice mix; 1 tablespoon oil; 1 tablespoon olive oil; 350ml water"," Shrimps;  orzo;  Cucumber; Tomatoes;  Garlic ; Tomato Pesto; Yoghurt;  oregano;  spice mix;  oil;  olive oil; water","213",213
"Prawns in Mediterranean marinade on orzo","Mariam","45581","ShrimpOrzo","1","10%-30%","26,3","669","754","85","Garnelen in mediterraner Marinade auf Orzo","https://www.hellofresh.de/recipes/garnelen-in-mediterraner-marinade-auf-orzo-salat-65b24289d1da3988cdd86721","Mitja_Wed_Meal1_2.jpg","2","150g Shrimps","180g orzo","1  Cucumber","2 Tomatoes","2  Garlic cloves","50g Tomato Pesto","75g Yoghurt","1 gram oregano","2 gram spice mix","1 tablespoon oil","1 tablespoon olive oil","350ml water",NA,NA,NA,"150g Shrimps; 180g orzo; 1  Cucumber; 2 Tomatoes; 2  Garlic cloves; 50g Tomato Pesto; 75g Yoghurt; 1 gram oregano; 2 gram spice mix; 1 tablespoon oil; 1 tablespoon olive oil; 350ml water"," Shrimps;  orzo;  Cucumber; Tomatoes;  Garlic ; Tomato Pesto; Yoghurt;  oregano;  spice mix;  oil;  olive oil; water","85",85
"Prawns in Mediterranean marinade on orzo","Mariam","45581","ShrimpOrzo","1","finished","26,3","669","674","5","Garnelen in mediterraner Marinade auf Orzo","https://www.hellofresh.de/recipes/garnelen-in-mediterraner-marinade-auf-orzo-salat-65b24289d1da3988cdd86722","Mitja_Wed_Meal1_3.jpg","2","150g Shrimps","180g orzo","1  Cucumber","2 Tomatoes","2  Garlic cloves","50g Tomato Pesto","75g Yoghurt","1 gram oregano","2 gram spice mix","1 tablespoon oil","1 tablespoon olive oil","350ml water",NA,NA,NA,"150g Shrimps; 180g orzo; 1  Cucumber; 2 Tomatoes; 2  Garlic cloves; 50g Tomato Pesto; 75g Yoghurt; 1 gram oregano; 2 gram spice mix; 1 tablespoon oil; 1 tablespoon olive oil; 350ml water"," Shrimps;  orzo;  Cucumber; Tomatoes;  Garlic ; Tomato Pesto; Yoghurt;  oregano;  spice mix;  oil;  olive oil; water","5",5
"Prawns in Mediterranean marinade on orzo","Mariam","45581","ShrimpOrzo","2","50%-30%","26,3","668","916","248","Garnelen in mediterraner Marinade auf Orzo","https://www.hellofresh.de/recipes/garnelen-in-mediterraner-marinade-auf-orzo-salat-65b24289d1da3988cdd86723","Mariam_Wed_Meal1_1.jpg","2","150g Shrimps","180g orzo","1  Cucumber","2 Tomatoes","2  Garlic cloves","50g Tomato Pesto","75g Yoghurt","1 gram oregano","2 gram spice mix","1 tablespoon oil","1 tablespoon olive oil","350ml water",NA,NA,NA,"150g Shrimps; 180g orzo; 1  Cucumber; 2 Tomatoes; 2  Garlic cloves; 50g Tomato Pesto; 75g Yoghurt; 1 gram oregano; 2 gram spice mix; 1 tablespoon oil; 1 tablespoon olive oil; 350ml water"," Shrimps;  orzo;  Cucumber; Tomatoes;  Garlic ; Tomato Pesto; Yoghurt;  oregano;  spice mix;  oil;  olive oil; water","248",248
"Prawns in Mediterranean marinade on orzo","Mariam","45581","ShrimpOrzo","2","10%-30%","26,3","668","793","125","Garnelen in mediterraner Marinade auf Orzo","https://www.hellofresh.de/recipes/garnelen-in-mediterraner-marinade-auf-orzo-salat-65b24289d1da3988cdd86724","Mariam_Wed_Meal1_2.jpg","2","150g Shrimps","180g orzo","1  Cucumber","2 Tomatoes","2  Garlic cloves","50g Tomato Pesto","75g Yoghurt","1 gram oregano","2 gram spice mix","1 tablespoon oil","1 tablespoon olive oil","350ml water",NA,NA,NA,"150g Shrimps; 180g orzo; 1  Cucumber; 2 Tomatoes; 2  Garlic cloves; 50g Tomato Pesto; 75g Yoghurt; 1 gram oregano; 2 gram spice mix; 1 tablespoon oil; 1 tablespoon olive oil; 350ml water"," Shrimps;  orzo;  Cucumber; Tomatoes;  Garlic ; Tomato Pesto; Yoghurt;  oregano;  spice mix;  oil;  olive oil; water","125",125
"Prawns in Mediterranean marinade on orzo","Mariam","45581","ShrimpOrzo","2","finished","26,3","668","673","5","Garnelen in mediterraner Marinade auf Orzo","https://www.hellofresh.de/recipes/garnelen-in-mediterraner-marinade-auf-orzo-salat-65b24289d1da3988cdd86725","Mariam_Wed_Meal1_3.jpg","2","150g Shrimps","180g orzo","1  Cucumber","2 Tomatoes","2  Garlic cloves","50g Tomato Pesto","75g Yoghurt","1 gram oregano","2 gram spice mix","1 tablespoon oil","1 tablespoon olive oil","350ml water",NA,NA,NA,"150g Shrimps; 180g orzo; 1  Cucumber; 2 Tomatoes; 2  Garlic cloves; 50g Tomato Pesto; 75g Yoghurt; 1 gram oregano; 2 gram spice mix; 1 tablespoon oil; 1 tablespoon olive oil; 350ml water"," Shrimps;  orzo;  Cucumber; Tomatoes;  Garlic ; Tomato Pesto; Yoghurt;  oregano;  spice mix;  oil;  olive oil; water","5",5
"skandi hake in cream and mustard sauce with lemon rice and cucumber salad","Nina","45583","Fish","1","50-30%","26.8","658","833","175","skandi hake in cream and mustard sauce with lemon rice and cucumber salad","https://www.hellofresh.de/recipes/skandi-seehecht-in-sahne-senf-sosse-64916bcb7c7d6edb8b03aee2","Nina_Day2_fish1_50.jpg","3","375g Hake","225g Rice","1  Cucumber","2  Shallot","2 Lemon","10g Dill","200g Cream","20ml Mustard","600ml Water","1.5 tablespoon oil","1.5 teaspoon sugar",NA,NA,NA,NA,"375g Hake; 225g Rice; 1  Cucumber; 2  Shallot; 2 Lemon; 10g Dill; 200g Cream; 20ml Mustard; 600ml Water; 1.5 tablespoon oil; 1.5 teaspoon sugar"," Hake;  Rice;  Cucumber;  Shallot; Lemon; Dill;  Cream; Mustard; Water;  oil;  sugar","175",175
"skandi hake in cream and mustard sauce with lemon rice and cucumber salad","Nina","45583","Fish","1","30-10%","26.8","658","710","52","skandi hake in cream and mustard sauce with lemon rice and cucumber salad","https://www.hellofresh.de/recipes/skandi-seehecht-in-sahne-senf-sosse-64916bcb7c7d6edb8b03aee3","Nina_Day2_fish1_30.jpg","3","375g Hake","225g Rice","1  Cucumber","2  Shallot","2 Lemon","10g Dill","200g Cream","20ml Mustard","600ml Water","1.5 tablespoon oil","1.5 teaspoon sugar",NA,NA,NA,NA,"375g Hake; 225g Rice; 1  Cucumber; 2  Shallot; 2 Lemon; 10g Dill; 200g Cream; 20ml Mustard; 600ml Water; 1.5 tablespoon oil; 1.5 teaspoon sugar"," Hake;  Rice;  Cucumber;  Shallot; Lemon; Dill;  Cream; Mustard; Water;  oil;  sugar","52",52
"skandi hake in cream and mustard sauce with lemon rice and cucumber salad","Nina","45583","Fish","1","finished","26.8","658","664","6","skandi hake in cream and mustard sauce with lemon rice and cucumber salad","https://www.hellofresh.de/recipes/skandi-seehecht-in-sahne-senf-sosse-64916bcb7c7d6edb8b03aee4","Nina_Day2_fish1_0.jpg","3","375g Hake","225g Rice","1  Cucumber","2  Shallot","2 Lemon","10g Dill","200g Cream","20ml Mustard","600ml Water","1.5 tablespoon oil","1.5 teaspoon sugar",NA,NA,NA,NA,"375g Hake; 225g Rice; 1  Cucumber; 2  Shallot; 2 Lemon; 10g Dill; 200g Cream; 20ml Mustard; 600ml Water; 1.5 tablespoon oil; 1.5 teaspoon sugar"," Hake;  Rice;  Cucumber;  Shallot; Lemon; Dill;  Cream; Mustard; Water;  oil;  sugar","6",6
"skandi hake in cream and mustard sauce with lemon rice and cucumber salad","Nina","45583","Fish","2","50-30%","25","634","835","201","skandi hake in cream and mustard sauce with lemon rice and cucumber salad","https://www.hellofresh.de/recipes/skandi-seehecht-in-sahne-senf-sosse-64916bcb7c7d6edb8b03aee5","Nina_Day2_fish2_50.jpg","3","375g Hake","225g Rice","1  Cucumber","2  Shallot","2 Lemon","10g Dill","200g Cream","20ml Mustard","600ml Water","1.5 tablespoon oil","1.5 teaspoon sugar",NA,NA,NA,NA,"375g Hake; 225g Rice; 1  Cucumber; 2  Shallot; 2 Lemon; 10g Dill; 200g Cream; 20ml Mustard; 600ml Water; 1.5 tablespoon oil; 1.5 teaspoon sugar"," Hake;  Rice;  Cucumber;  Shallot; Lemon; Dill;  Cream; Mustard; Water;  oil;  sugar","201",201
"skandi hake in cream and mustard sauce with lemon rice and cucumber salad","Nina","45583","Fish","3","50-30%","26.8","573","768","195","skandi hake in cream and mustard sauce with lemon rice and cucumber salad","https://www.hellofresh.de/recipes/skandi-seehecht-in-sahne-senf-sosse-64916bcb7c7d6edb8b03aee8","Nina_Day2_fish3_50.jpg","3","375g Hake","225g Rice","1  Cucumber","2  Shallot","2 Lemon","10g Dill","200g Cream","20ml Mustard","600ml Water","1.5 tablespoon oil","1.5 teaspoon sugar",NA,NA,NA,NA,"375g Hake; 225g Rice; 1  Cucumber; 2  Shallot; 2 Lemon; 10g Dill; 200g Cream; 20ml Mustard; 600ml Water; 1.5 tablespoon oil; 1.5 teaspoon sugar"," Hake;  Rice;  Cucumber;  Shallot; Lemon; Dill;  Cream; Mustard; Water;  oil;  sugar","195",195
"skandi hake in cream and mustard sauce with lemon rice and cucumber salad","Nina","45583","Fish","3","30-10%","26.8","573","670","97","skandi hake in cream and mustard sauce with lemon rice and cucumber salad","https://www.hellofresh.de/recipes/skandi-seehecht-in-sahne-senf-sosse-64916bcb7c7d6edb8b03aee9","Nina_Day2_fish3_30.jpg","3","375g Hake","225g Rice","1  Cucumber","2  Shallot","2 Lemon","10g Dill","200g Cream","20ml Mustard","600ml Water","1.5 tablespoon oil","1.5 teaspoon sugar",NA,NA,NA,NA,"375g Hake; 225g Rice; 1  Cucumber; 2  Shallot; 2 Lemon; 10g Dill; 200g Cream; 20ml Mustard; 600ml Water; 1.5 tablespoon oil; 1.5 teaspoon sugar"," Hake;  Rice;  Cucumber;  Shallot; Lemon; Dill;  Cream; Mustard; Water;  oil;  sugar","97",97
"skandi hake in cream and mustard sauce with lemon rice and cucumber salad","Nina","45583","Fish","3","finished","26.8","573","632","59","skandi hake in cream and mustard sauce with lemon rice and cucumber salad","https://www.hellofresh.de/recipes/skandi-seehecht-in-sahne-senf-sosse-64916bcb7c7d6edb8b03aee10","Nina_Day2_fish3_0.jpg","3","375g Hake","225g Rice","1  Cucumber","2  Shallot","2 Lemon","10g Dill","200g Cream","20ml Mustard","600ml Water","1.5 tablespoon oil","1.5 teaspoon sugar",NA,NA,NA,NA,"375g Hake; 225g Rice; 1  Cucumber; 2  Shallot; 2 Lemon; 10g Dill; 200g Cream; 20ml Mustard; 600ml Water; 1.5 tablespoon oil; 1.5 teaspoon sugar"," Hake;  Rice;  Cucumber;  Shallot; Lemon; Dill;  Cream; Mustard; Water;  oil;  sugar","59",59
"Teriyaki fish fillet on ginger-sweet potato mash
with spicy cucumber salad","Mariam","18.10.2024","TeriyakiFishfilet","1","50%-30%","26,3","683","900","217","Teriyaki-Fischfilet auf Ingwer-Süßkartoffelstampf
mit scharfem Gurkensalat","https://www.hellofresh.de/recipes/pangasius-in-teriyaki-sosse-662f9c6d7ceb4fe1685f1ab2","Mitja_Fri_Meal2_1.jpg","2","240g Pangasius","1  Sweet Potato","1  Cucumber","1  Carrot","1  Lime","1  Spring Onion","10g Ginger","100ml Teriyaki Sauce","100ml Water","2 tablespoon olive oil","1 tablespoon butter","100 ml water",NA,NA,NA,"240g Pangasius; 1  Sweet Potato; 1  Cucumber; 1  Carrot; 1  Lime; 1  Spring Onion; 10g Ginger; 100ml Teriyaki Sauce; 100ml Water; 2 tablespoon olive oil; 1 tablespoon butter; 100 ml water"," Pangasius;  Sweet Potato;  Cucumber;  Carrot;  Lime;  Spring Onion; Ginger; Teriyaki Sauce; Water;  olive oil;  butter; water","217",217
"Teriyaki fish fillet on ginger-sweet potato mash
with spicy cucumber salad","Mariam","18.10.2024","TeriyakiFishfilet","1","10%-30%","26,3","683","768","85","Teriyaki-Fischfilet auf Ingwer-Süßkartoffelstampf
mit scharfem Gurkensalat","https://www.hellofresh.de/recipes/pangasius-in-teriyaki-sosse-662f9c6d7ceb4fe1685f1ab2","Mitja_Fri_Meal2_2.jpg","2","240g Pangasius","1  Sweet Potato","1  Cucumber","1  Carrot","1  Lime","1  Spring Onion","10g Ginger","100ml Teriyaki Sauce","100ml Water","2 tablespoon olive oil","1 tablespoon butter","100 ml water",NA,NA,NA,"240g Pangasius; 1  Sweet Potato; 1  Cucumber; 1  Carrot; 1  Lime; 1  Spring Onion; 10g Ginger; 100ml Teriyaki Sauce; 100ml Water; 2 tablespoon olive oil; 1 tablespoon butter; 100 ml water"," Pangasius;  Sweet Potato;  Cucumber;  Carrot;  Lime;  Spring Onion; Ginger; Teriyaki Sauce; Water;  olive oil;  butter; water","85",85
"Teriyaki fish fillet on ginger-sweet potato mash
with spicy cucumber salad","Mariam","18.10.2024","TeriyakiFishfilet","1","finished","26,3","683","707","24","Teriyaki-Fischfilet auf Ingwer-Süßkartoffelstampf
mit scharfem Gurkensalat","https://www.hellofresh.de/recipes/pangasius-in-teriyaki-sosse-662f9c6d7ceb4fe1685f1ab2","Mitja_Fri_Meal2_3.jpg","2","240g Pangasius","1  Sweet Potato","1  Cucumber","1  Carrot","1  Lime","1  Spring Onion","10g Ginger","100ml Teriyaki Sauce","100ml Water","2 tablespoon olive oil","1 tablespoon butter","100 ml water",NA,NA,NA,"240g Pangasius; 1  Sweet Potato; 1  Cucumber; 1  Carrot; 1  Lime; 1  Spring Onion; 10g Ginger; 100ml Teriyaki Sauce; 100ml Water; 2 tablespoon olive oil; 1 tablespoon butter; 100 ml water"," Pangasius;  Sweet Potato;  Cucumber;  Carrot;  Lime;  Spring Onion; Ginger; Teriyaki Sauce; Water;  olive oil;  butter; water","24",24
"Teriyaki fish fillet on ginger-sweet potato mash
with spicy cucumber salad","Mariam","18.10.2024","TeriyakiFishfilet","2","50%-30%","26,3","676","950","274","Teriyaki-Fischfilet auf Ingwer-Süßkartoffelstampf
mit scharfem Gurkensalat","https://www.hellofresh.de/recipes/pangasius-in-teriyaki-sosse-662f9c6d7ceb4fe1685f1ab2","Mariam_Fri_Meal2_1.jpg","2","240g Pangasius","1  Sweet Potato","1  Cucumber","1  Carrot","1  Lime","1  Spring Onion","10g Ginger","100ml Teriyaki Sauce","100ml Water","2 tablespoon olive oil","1 tablespoon butter","100 ml water",NA,NA,NA,"240g Pangasius; 1  Sweet Potato; 1  Cucumber; 1  Carrot; 1  Lime; 1  Spring Onion; 10g Ginger; 100ml Teriyaki Sauce; 100ml Water; 2 tablespoon olive oil; 1 tablespoon butter; 100 ml water"," Pangasius;  Sweet Potato;  Cucumber;  Carrot;  Lime;  Spring Onion; Ginger; Teriyaki Sauce; Water;  olive oil;  butter; water","274",274
"Teriyaki fish fillet on ginger-sweet potato mash
with spicy cucumber salad","Mariam","18.10.2024","TeriyakiFishfilet","2","10%-30%","26,3","676","851","175","Teriyaki-Fischfilet auf Ingwer-Süßkartoffelstampf
mit scharfem Gurkensalat","https://www.hellofresh.de/recipes/pangasius-in-teriyaki-sosse-662f9c6d7ceb4fe1685f1ab2","Mariam_Fri_Meal2_2.jpg","2","240g Pangasius","1  Sweet Potato","1  Cucumber","1  Carrot","1  Lime","1  Spring Onion","10g Ginger","100ml Teriyaki Sauce","100ml Water","2 tablespoon olive oil","1 tablespoon butter","100 ml water",NA,NA,NA,"240g Pangasius; 1  Sweet Potato; 1  Cucumber; 1  Carrot; 1  Lime; 1  Spring Onion; 10g Ginger; 100ml Teriyaki Sauce; 100ml Water; 2 tablespoon olive oil; 1 tablespoon butter; 100 ml water"," Pangasius;  Sweet Potato;  Cucumber;  Carrot;  Lime;  Spring Onion; Ginger; Teriyaki Sauce; Water;  olive oil;  butter; water","175",175
"Teriyaki fish fillet on ginger-sweet potato mash
with spicy cucumber salad","Mariam","18.10.2024","TeriyakiFishfilet","2","finished","26,3","676","694","18","Teriyaki-Fischfilet auf Ingwer-Süßkartoffelstampf
mit scharfem Gurkensalat","https://www.hellofresh.de/recipes/pangasius-in-teriyaki-sosse-662f9c6d7ceb4fe1685f1ab2","Mariam_Fri_Meal2_3.jpg","2","240g Pangasius","1  Sweet Potato","1  Cucumber","1  Carrot","1  Lime","1  Spring Onion","10g Ginger","100ml Teriyaki Sauce","100ml Water","2 tablespoon olive oil","1 tablespoon butter","100 ml water",NA,NA,NA,"240g Pangasius; 1  Sweet Potato; 1  Cucumber; 1  Carrot; 1  Lime; 1  Spring Onion; 10g Ginger; 100ml Teriyaki Sauce; 100ml Water; 2 tablespoon olive oil; 1 tablespoon butter; 100 ml water"," Pangasius;  Sweet Potato;  Cucumber;  Carrot;  Lime;  Spring Onion; Ginger; Teriyaki Sauce; Water;  olive oil;  butter; water","18",18
"Whole wheat penne with red pesto tomato sauce","Meike","Wednesday","PastaVeggie","1","50","25","574","899","325","Volkoren penne met rodepesto-tomaten saus","https://www.hellofresh.nl/recipes/volkoren-penne-met-rode-pesto-tomatensaus-6482f79c4726b736914e1a6f","Meike_Wed_PastaVeggie_Pers1_Moment1.jpg","3","270g Penne","1.5 Onion","1.5  Zucchini","1.5  Carrot","1.5  Garlic cloves","120g Red Pesto","60g Grana Padano Flakes","15g Basil","300ml Broth","3 tablespoon olive oil","120 g tomatoes","0.5 tomato puree","50g tomato paste",NA,NA,"270g Penne; 1.5 Onion; 1.5  Zucchini; 1.5  Carrot; 1.5  Garlic cloves; 120g Red Pesto; 60g Grana Padano Flakes; 15g Basil; 300ml Broth; 3 tablespoon olive oil; 120 g tomatoes; 0.5 tomato puree; 50g tomato paste"," Penne; Onion;  Zucchini;  Carrot;  Garlic ;  Red Pesto; Grana Padano Flakes; Basil; Broth;  olive oil; tomatoes; tomato puree; tomato paste","325",325
"Whole wheat penne with red pesto tomato sauce","Meike","Wednesday","PastaVeggie","2","50","25","616","947","331","Volkoren penne met rodepesto-tomaten saus","https://www.hellofresh.nl/recipes/volkoren-penne-met-rode-pesto-tomatensaus-6482f79c4726b736914e1a6f","Meike_Wed_PastaVeggie_Pers2_Moment1.jpg","3","270g Penne","1.5 Onion","1.5  Zucchini","1.5  Carrot","1.5  Garlic cloves","120g Red Pesto","60g Grana Padano Flakes","15g Basil","300ml Broth","3 tablespoon olive oil","120 g tomatoes","0.5 tomato puree","50g tomato paste",NA,NA,"270g Penne; 1.5 Onion; 1.5  Zucchini; 1.5  Carrot; 1.5  Garlic cloves; 120g Red Pesto; 60g Grana Padano Flakes; 15g Basil; 300ml Broth; 3 tablespoon olive oil; 120 g tomatoes; 0.5 tomato puree; 50g tomato paste"," Penne; Onion;  Zucchini;  Carrot;  Garlic ;  Red Pesto; Grana Padano Flakes; Basil; Broth;  olive oil; tomatoes; tomato puree; tomato paste","331",331
"Whole wheat penne with red pesto tomato sauce","Meike","Wednesday","PastaVeggie","3","50","25","598","904","306","Volkoren penne met rodepesto-tomaten saus","https://www.hellofresh.nl/recipes/volkoren-penne-met-rode-pesto-tomatensaus-6482f79c4726b736914e1a6f","Meike_Wed_PastaVeggie_Pers3_Moment1.jpg","3","270g Penne","1.5 Onion","1.5  Zucchini","1.5  Carrot","1.5  Garlic cloves","120g Red Pesto","60g Grana Padano Flakes","15g Basil","300ml Broth","3 tablespoon olive oil","120 g tomatoes","0.5 tomato puree","50g tomato paste",NA,NA,"270g Penne; 1.5 Onion; 1.5  Zucchini; 1.5  Carrot; 1.5  Garlic cloves; 120g Red Pesto; 60g Grana Padano Flakes; 15g Basil; 300ml Broth; 3 tablespoon olive oil; 120 g tomatoes; 0.5 tomato puree; 50g tomato paste"," Penne; Onion;  Zucchini;  Carrot;  Garlic ;  Red Pesto; Grana Padano Flakes; Basil; Broth;  olive oil; tomatoes; tomato puree; tomato paste","306",306
"Whole wheat penne with red pesto tomato sauce","Meike","Wednesday","PastaVeggie","1","10","25","574","680","106","Volkoren penne met rodepesto-tomaten saus","https://www.hellofresh.nl/recipes/volkoren-penne-met-rode-pesto-tomatensaus-6482f79c4726b736914e1a6f","Meike_Wed_PastaVeggie_Pers1_Moment2.jpg","3","270g Penne","1.5 Onion","1.5  Zucchini","1.5  Carrot","1.5  Garlic cloves","120g Red Pesto","60g Grana Padano Flakes","15g Basil","300ml Broth","3 tablespoon olive oil","120 g tomatoes","0.5 tomato puree","50g tomato paste",NA,NA,"270g Penne; 1.5 Onion; 1.5  Zucchini; 1.5  Carrot; 1.5  Garlic cloves; 120g Red Pesto; 60g Grana Padano Flakes; 15g Basil; 300ml Broth; 3 tablespoon olive oil; 120 g tomatoes; 0.5 tomato puree; 50g tomato paste"," Penne; Onion;  Zucchini;  Carrot;  Garlic ;  Red Pesto; Grana Padano Flakes; Basil; Broth;  olive oil; tomatoes; tomato puree; tomato paste","106",106
"Whole wheat penne with red pesto tomato sauce","Meike","Wednesday","PastaVeggie","2","10","25","616","749","133","Volkoren penne met rodepesto-tomaten saus","https://www.hellofresh.nl/recipes/volkoren-penne-met-rode-pesto-tomatensaus-6482f79c4726b736914e1a6f","Meike_Wed_PastaVeggie_Pers2_Moment2.jpg","3","270g Penne","1.5 Onion","1.5  Zucchini","1.5  Carrot","1.5  Garlic cloves","120g Red Pesto","60g Grana Padano Flakes","15g Basil","300ml Broth","3 tablespoon olive oil","120 g tomatoes","0.5 tomato puree","50g tomato paste",NA,NA,"270g Penne; 1.5 Onion; 1.5  Zucchini; 1.5  Carrot; 1.5  Garlic cloves; 120g Red Pesto; 60g Grana Padano Flakes; 15g Basil; 300ml Broth; 3 tablespoon olive oil; 120 g tomatoes; 0.5 tomato puree; 50g tomato paste"," Penne; Onion;  Zucchini;  Carrot;  Garlic ;  Red Pesto; Grana Padano Flakes; Basil; Broth;  olive oil; tomatoes; tomato puree; tomato paste","133",133
"Whole wheat penne with red pesto tomato sauce","Meike","Wednesday","PastaVeggie","3","10","25","598","745","147","Volkoren penne met rodepesto-tomaten saus","https://www.hellofresh.nl/recipes/volkoren-penne-met-rode-pesto-tomatensaus-6482f79c4726b736914e1a6f","Meike_Wed_PastaVeggie_Pers3_Moment2.jpg","3","270g Penne","1.5 Onion","1.5  Zucchini","1.5  Carrot","1.5  Garlic cloves","120g Red Pesto","60g Grana Padano Flakes","15g Basil","300ml Broth","3 tablespoon olive oil","120 g tomatoes","0.5 tomato puree","50g tomato paste",NA,NA,"270g Penne; 1.5 Onion; 1.5  Zucchini; 1.5  Carrot; 1.5  Garlic cloves; 120g Red Pesto; 60g Grana Padano Flakes; 15g Basil; 300ml Broth; 3 tablespoon olive oil; 120 g tomatoes; 0.5 tomato puree; 50g tomato paste"," Penne; Onion;  Zucchini;  Carrot;  Garlic ;  Red Pesto; Grana Padano Flakes; Basil; Broth;  olive oil; tomatoes; tomato puree; tomato paste","147",147
"Whole wheat penne with red pesto tomato sauce","Meike","Wednesday","PastaVeggie","1","finished","25","574","580","6","Volkoren penne met rodepesto-tomaten saus","https://www.hellofresh.nl/recipes/volkoren-penne-met-rode-pesto-tomatensaus-6482f79c4726b736914e1a6f","Meike_Wed_PastaVeggie_Pers1_Moment3.jpg","3","270g Penne","1.5 Onion","1.5  Zucchini","1.5  Carrot","1.5  Garlic cloves","120g Red Pesto","60g Grana Padano Flakes","15g Basil","300ml Broth","3 tablespoon olive oil","120 g tomatoes","0.5 tomato puree","50g tomato paste",NA,NA,"270g Penne; 1.5 Onion; 1.5  Zucchini; 1.5  Carrot; 1.5  Garlic cloves; 120g Red Pesto; 60g Grana Padano Flakes; 15g Basil; 300ml Broth; 3 tablespoon olive oil; 120 g tomatoes; 0.5 tomato puree; 50g tomato paste"," Penne; Onion;  Zucchini;  Carrot;  Garlic ;  Red Pesto; Grana Padano Flakes; Basil; Broth;  olive oil; tomatoes; tomato puree; tomato paste","6",6
"Whole wheat penne with red pesto tomato sauce","Meike","Wednesday","PastaVeggie","2","finished","25","616","631","15","Volkoren penne met rodepesto-tomaten saus","https://www.hellofresh.nl/recipes/volkoren-penne-met-rode-pesto-tomatensaus-6482f79c4726b736914e1a6f","Meike_Wed_PastaVeggie_Pers2_Moment3.jpg","3","270g Penne","1.5 Onion","1.5  Zucchini","1.5  Carrot","1.5  Garlic cloves","120g Red Pesto","60g Grana Padano Flakes","15g Basil","300ml Broth","3 tablespoon olive oil","120 g tomatoes","0.5 tomato puree","50g tomato paste",NA,NA,"270g Penne; 1.5 Onion; 1.5  Zucchini; 1.5  Carrot; 1.5  Garlic cloves; 120g Red Pesto; 60g Grana Padano Flakes; 15g Basil; 300ml Broth; 3 tablespoon olive oil; 120 g tomatoes; 0.5 tomato puree; 50g tomato paste"," Penne; Onion;  Zucchini;  Carrot;  Garlic ;  Red Pesto; Grana Padano Flakes; Basil; Broth;  olive oil; tomatoes; tomato puree; tomato paste","15",15
"Whole wheat penne with red pesto tomato sauce","Meike","Wednesday","PastaVeggie","3","finished","25","598","624","26","Volkoren penne met rodepesto-tomaten saus","https://www.hellofresh.nl/recipes/volkoren-penne-met-rode-pesto-tomatensaus-6482f79c4726b736914e1a6f","Meike_Wed_PastaVeggie_Pers3_Moment3.jpg","3","270g Penne","1.5 Onion","1.5  Zucchini","1.5  Carrot","1.5  Garlic cloves","120g Red Pesto","60g Grana Padano Flakes","15g Basil","300ml Broth","3 tablespoon olive oil","120 g tomatoes","0.5 tomato puree","50g tomato paste",NA,NA,"270g Penne; 1.5 Onion; 1.5  Zucchini; 1.5  Carrot; 1.5  Garlic cloves; 120g Red Pesto; 60g Grana Padano Flakes; 15g Basil; 300ml Broth; 3 tablespoon olive oil; 120 g tomatoes; 0.5 tomato puree; 50g tomato paste"," Penne; Onion;  Zucchini;  Carrot;  Garlic ;  Red Pesto; Grana Padano Flakes; Basil; Broth;  olive oil; tomatoes; tomato puree; tomato paste","26",26
